AHdddlGY7ozMHOxHI1Ac5AS8nSd	docx	纪要机器人群
CLaQdep2go2H5mxu6pncIOObnwc	docx	HRBP群
CLaQdep2go2H5mxu6pncIOObnwc	docx	纪要机器人群
EsfdwOdbUi7vvekWdNKcUlBIn9d	wiki	HRBP群
G0PHdrVHsocXGnxsjdZcgN2FnBe	docx	纪要机器人群
GBqMdNQdLo5EFNxXIxacwlJ9nNg	docx	纪要机器人群
GSeJwH9lsirCvmkYkCycoTXzn2e	wiki	组员群
GYEPdsvapoCT5kxpCgecyd0yndh	docx	纪要机器人群
IA9ddfMefoy6GRxZJUfcw4HSn5b	docx	核心日会群
IA9ddfMefoy6GRxZJUfcw4HSn5b	docx	纪要机器人群
LwGYwEtsRi6B6NkOaX9cwZijnWb	wiki	班委群SMG
O39Pdo2lyoSvotxVG72cZAETnue	docx	纪要机器人群
OIZKdP7RpoGRhJxInEIcNaKun9Y	docx	核心日会群
OIZKdP7RpoGRhJxInEIcNaKun9Y	docx	纪要机器人群
OjYvdgOKcoYBDmxYde1cfwYknVc	docx	纪要机器人群
PjY8dy9X3oenUGx9pAMcfLSTndb	docx	纪要机器人群
Q9BVwAnu0iq2UTkj2neckfvOnhb	wiki	核心日会群
Q9BVwAnu0iq2UTkj2neckfvOnhb	wiki	组员群
QKUEwrEY7i6xl1kPgPlc7Y4lnwg	wiki	HRBP群
S0uudrpz9oYyqCxhd5ScZmvbnMc	docx	核心日会群
S0uudrpz9oYyqCxhd5ScZmvbnMc	docx	纪要机器人群
SBUYwm8Lri9aJ6kmexFcBAuGnlh	wiki	组员群
SNB8dk2dDoEL4wxpNIEcf8sPn5c	docx	纪要机器人群
SlC6wQUZjiz8vnkDcMVc9MjAnuc	wiki	组员群
TGrAwdMz1igqOsklBqDc4Wr0n6e	wiki	组员群
Tu9rdASMeozNRXxE7aicG9GSnuf	docx	组员群
VQcodfKnNopaNyxE7dzcyW2ynqe	docx	班委群SMG
Wu6ywIOM6iEucDkmx3hcEgLHnmg	wiki	核心日会群
ZfJyw7stvihOqqkI7Awcz7TKnWL	wiki	组员群