CAfuwnWW5ipZQDkKkuYcIrAmnfc	wiki	HRBP群	2026-03-31 01:23	?from=from_copylink   早，如各支持团队有清明假期加班4号、5号（法定）、6号，和bingtao同步	https://xiaopeng.feishu.cn/wiki/CAfuwnWW5ipZQDkKkuYcIrAmnfc
BjF0dtxiLoNm2hx3J6cc1Nk6nXe	docx	HRBP群	2026-04-02 03:04	、外勤打卡等见操作指引。   5. **往期调休:  **自闭环，尽量在6月前休完。6月后我这边不可以统一补卡了   [	https://xiaopeng.feishu.cn/docx/BjF0dtxiLoNm2hx3J6cc1Nk6nXe
ZIQ9b3ndCa4BVNsrwLpcaHEBnug	base	HRBP群	2026-04-03 07:57	aopeng.com/hdb/login/home#/home/section/0)   国栋、爽姐，沟通反馈填写地址：	https://xiaopeng.feishu.cn/base/ZIQ9b3ndCa4BVNsrwLpcaHEBnug
Dp7Ww4oIsiZxD6kUPPScV3QJnXd	wiki	HRBP群	2026-04-03 09:05	四），请大家尽快把文档内的**Q2的OKR目标完善下**      [ 2026 Q2 OKR 初版 - 飞书云文档](	https://xiaopeng.feishu.cn/wiki/Dp7Ww4oIsiZxD6kUPPScV3QJnXd
FPA4wTnYdiejhOkMn4Bc6IpvnTg	wiki	HRBP群	2026-04-13 08:47	mage](img_v3_0210n_ffdcc970-0d54-4d9c-b660-e6562b567a2g)   [	https://xiaopeng.feishu.cn/wiki/FPA4wTnYdiejhOkMn4Bc6IpvnTg
DNZkweW6zidq8OkM9nlcXEPTnGb	wiki	HRBP群	2026-04-14 06:37	mage](img_v3_0210o_0e25336f-4e37-4355-94a9-aa46881e112g)   [	https://xiaopeng.feishu.cn/wiki/DNZkweW6zidq8OkM9nlcXEPTnGb
EsfdwOdbUi7vvekWdNKcUlBIn9d	wiki	HRBP群	2026-04-14 06:37	5jY)    4. **Q1 OKR复盘 & Q2 OKR填写（全员）DDL:4月15日（明天）**   文档汇总：[	https://xiaopeng.feishu.cn/wiki/EsfdwOdbUi7vvekWdNKcUlBIn9d
LabNbctqPapdC6sfFtHclBjPn5e	base	HRBP群	2026-04-14 07:22	<p>@周月	https://xiaopeng.feishu.cn/base/LabNbctqPapdC6sfFtHclBjPn5e
N6EZbp8LFaIJhasP0n1cuHmen4c	base	HRBP群	2026-05-09 05:52	开发**</u>**序列人员并更改序列，5月11日前**   2. 按需刷新各团队序列/职务/通道，5月20日前   [	https://xiaopeng.feishu.cn/base/N6EZbp8LFaIJhasP0n1cuHmen4c
MQoLwJKhAi6Ma1kCSRwcbfZXnth	wiki	HRBP群	2026-06-05 08:08	mage](img_v3_0212c_28a10c20-ee2b-4449-858f-6ffa9320fa4g)   [	https://xiaopeng.feishu.cn/wiki/MQoLwJKhAi6Ma1kCSRwcbfZXnth
EHXpwax93ig3PEkCDcic8d6xn2c	wiki	HRBP群	2026-06-09 03:15	t user_id="all"></at>    1. 主管输出物@各主管，更新在一个文档，DLL6月11日（周四）：[	https://xiaopeng.feishu.cn/wiki/EHXpwax93ig3PEkCDcic8d6xn2c
SI6gwWrfmiiHq6kesSLcSPZMnDc	wiki	HRBP群	2026-06-09 03:15	EHXpwax93ig3PEkCDcic8d6xn2c)   2. 部门输出物@周月@炳涛，DLL6月14日（周末）：[	https://xiaopeng.feishu.cn/wiki/SI6gwWrfmiiHq6kesSLcSPZMnDc
QKUEwrEY7i6xl1kPgPlc7Y4lnwg	wiki	HRBP群	2026-06-30 06:56	大家今天核对和填写好里面的内容信息哈，包含每一列。27届的校招开始咯，提前确认好，可以早点发布岗位信息，吸引同学投递  	https://xiaopeng.feishu.cn/wiki/QKUEwrEY7i6xl1kPgPlc7Y4lnwg
CLaQdep2go2H5mxu6pncIOObnwc	docx	HRBP群	2026-07-06 08:56	?from=vc_group_doc_link#doxcnIhPOTUtjDBvmJSYEqgyQxc	https://xiaopeng.feishu.cn/docx/CLaQdep2go2H5mxu6pncIOObnwc
AtfybXJumaVKqYsVhsrcYLeOnMd	base	HRBP群	2026-07-06 09:44	user_id="all"></at>   1. **【7月9日10点前】**完成26年H1各组绩效     a.  [	https://xiaopeng.feishu.cn/base/AtfybXJumaVKqYsVhsrcYLeOnMd
DvWzwKZdsiH8crkpT0KcufE5nuf	wiki	班委群SMG	2026-03-31 02:02	@_all请大家今天(3.31)完成一下，Q1的OKR复盘哈。  	https://xiaopeng.feishu.cn/wiki/DvWzwKZdsiH8crkpT0KcufE5nuf
CYWxdSlPCoIS2pxOGhEc3culnEc	docx	班委群SMG	2026-04-07 11:46	?from=vc_group_doc_link#doxcnD2iMDb4oKyg0Kr5VrTtHHb	https://xiaopeng.feishu.cn/docx/CYWxdSlPCoIS2pxOGhEc3culnEc
FFlxsRzzLhye3nthGLlcVzgDnac	sheets	班委群SMG	2026-04-07 16:18	@高炳涛9000+ case 的场景分布	https://xiaopeng.feishu.cn/sheets/FFlxsRzzLhye3nthGLlcVzgDnac
AA0aw9tCaiYqMYkLP8tcSlu0nGb	wiki	班委群SMG	2026-04-08 02:07	@邓爽 @李坤 @赖西湖 @夏志勋 @颜国栋 @吴益民 做了个表格，大家根据组内情况填一下呢	https://xiaopeng.feishu.cn/wiki/AA0aw9tCaiYqMYkLP8tcSlu0nGb
OrSEwsAQgieGG8kfHxHcnH96nc9	wiki	班委群SMG	2026-04-12 02:38		https://xiaopeng.feishu.cn/wiki/OrSEwsAQgieGG8kfHxHcnH96nc9
DKjDwTYULiJt7eknboicLXVun8c	wiki	班委群SMG	2026-04-19 13:31	e](img_v3_0210t_6faa98a8-b36b-4756-9863-e3a8d9989f2g)      [	https://xiaopeng.feishu.cn/wiki/DKjDwTYULiJt7eknboicLXVun8c
SitYwe48ZiXTzTk3WCCcNADWnKd	wiki	班委群SMG	2026-04-20 07:29		https://xiaopeng.feishu.cn/wiki/SitYwe48ZiXTzTk3WCCcNADWnKd
SBUYwm8Lri9aJ6kmexFcBAuGnlh	wiki	班委群SMG	2026-04-20 12:25	@_all 我拆了一下闭环的目标，大家可以看下是否合适，可以在表格里面直接修改	https://xiaopeng.feishu.cn/wiki/SBUYwm8Lri9aJ6kmexFcBAuGnlh
C1YYwH8zziQifgkk9sxcB2Din1e	wiki	班委群SMG	2026-04-21 04:02	@高炳涛 和@张驰 @赖西湖 讨论的：   - [	https://xiaopeng.feishu.cn/wiki/C1YYwH8zziQifgkk9sxcB2Din1e
RkHIwGL5NirXvVkdbRmcAnyunKf	wiki	班委群SMG	2026-04-21 04:02	//xiaopeng.feishu.cn/wiki/C1YYwH8zziQifgkk9sxcB2Din1e)   - [	https://xiaopeng.feishu.cn/wiki/RkHIwGL5NirXvVkdbRmcAnyunKf
SwotwdmZGiF08Akjywdc9pvPnNh	wiki	班委群SMG	2026-04-21 08:07		https://xiaopeng.feishu.cn/wiki/SwotwdmZGiF08Akjywdc9pvPnNh
AoSedY9cMoyoXMxZay5cgd43nkh	docx	班委群SMG	2026-04-22 01:41	@高炳涛 昨天会议	https://xiaopeng.feishu.cn/docx/AoSedY9cMoyoXMxZay5cgd43nkh
WqKOdNATuoNEZUxIwQNctizTnHK	docx	班委群SMG	2026-04-22 08:26	?from=vc_group_doc_link#doxcnEtZ1Sm8h08ap5VPGetbXDh	https://xiaopeng.feishu.cn/docx/WqKOdNATuoNEZUxIwQNctizTnHK
FNo6wIKWmiog5JkNCRmcKYgDnCe	wiki	班委群SMG	2026-05-06 02:11	@_all 请大家5.10号前，填写一下 4月月度的OKR进展  	https://xiaopeng.feishu.cn/wiki/FNo6wIKWmiog5JkNCRmcKYgDnCe
MvBdwdiHsiVCDzkFoVUc4iqCn0f	wiki	班委群SMG	2026-05-29 08:41	@_all 大家可以陆续开始总结一下5月的月度OKR PDCA文档。  	https://xiaopeng.feishu.cn/wiki/MvBdwdiHsiVCDzkFoVUc4iqCn0f
Pz0pw4xODifpb7kEfJhc5n76nWc	wiki	班委群SMG	2026-06-02 06:28	汇报的主要内容，我们先按照先明上一次给的重点来准备哈，我们今天和明天，完成吧，周四请@高炳涛 review</p><p>	https://xiaopeng.feishu.cn/wiki/Pz0pw4xODifpb7kEfJhc5n76nWc
YrlRwtI81i1lfLkxEZMcUoc2n2b	wiki	班委群SMG	2026-06-09 08:23		https://xiaopeng.feishu.cn/wiki/YrlRwtI81i1lfLkxEZMcUoc2n2b
ZIRNwpAvBiPEPIkbiRpcaxMlnag	wiki	班委群SMG	2026-06-09 14:22	确或者是否需要补充 （我写了初稿，gemini发挥了一下），主要是用于写  GIC中心的研发质量的一个管理流程文档。  	https://xiaopeng.feishu.cn/wiki/ZIRNwpAvBiPEPIkbiRpcaxMlnag
YsEkwaS2ZifRQKkO451cGiwVnpc	wiki	班委群SMG	2026-06-15 03:46	@高炳涛 改到本周三11:00-12:00汇报，今天大家需要准备一下材料。	https://xiaopeng.feishu.cn/wiki/YsEkwaS2ZifRQKkO451cGiwVnpc
BduvwHKddiBzBek0drVcRS5anqb	wiki	班委群SMG	2026-06-24 08:04	@高炳涛 中心的项目部在拟定 功能开发的管理办法 [	https://xiaopeng.feishu.cn/wiki/BduvwHKddiBzBek0drVcRS5anqb
WeiDwsCDEiad0ekvDULcSSqLnAb	wiki	班委群SMG	2026-06-25 03:58	@高炳涛嗯，原生报告是这个	https://xiaopeng.feishu.cn/wiki/WeiDwsCDEiad0ekvDULcSSqLnAb
Xic1wOtsTiVCE5kKXR9cwIsrnfd	wiki	班委群SMG	2026-06-25 08:07	<at user_id="all"></at>    1. 26 Q2 季度复盘 [	https://xiaopeng.feishu.cn/wiki/Xic1wOtsTiVCE5kKXR9cwIsrnfd
C9iYwU5JoirP93kUmz2cnklDnrc	wiki	班委群SMG	2026-06-25 08:07	c1wOtsTiVCE5kKXR9cwIsrnfd) ETA 7.10之前   2. 26 Q3 OKR 初版制定  [	https://xiaopeng.feishu.cn/wiki/C9iYwU5JoirP93kUmz2cnklDnrc
PQ0GwKCfQi9k1RkOtNLcHYAGnUh	wiki	班委群SMG	2026-06-25 09:12		https://xiaopeng.feishu.cn/wiki/PQ0GwKCfQi9k1RkOtNLcHYAGnUh
Qy7aw1j9CiQxSBkG0xich5OvnWc	wiki	班委群SMG	2026-06-26 07:09	有新老metric错位的问题，实际都是pat的metric   线下和鵾总沟通，下周需要把流程交互上做一些改造：   [	https://xiaopeng.feishu.cn/wiki/Qy7aw1j9CiQxSBkG0xich5OvnWc
QO94w51w1iiRdBk2wsccFArIn7e	wiki	班委群SMG	2026-06-30 02:24	<at user_id="all"></at> 大家需要补充一下，以下材料：   1. 第一优先级，周四汇报材料 [	https://xiaopeng.feishu.cn/wiki/QO94w51w1iiRdBk2wsccFArIn7e
VQcodfKnNopaNyxE7dzcyW2ynqe	docx	班委群SMG	2026-06-30 02:24	/wiki/QO94w51w1iiRdBk2wsccFArIn7e)，ETA 6.30   2. 第二优先级，执行会 [	https://xiaopeng.feishu.cn/docx/VQcodfKnNopaNyxE7dzcyW2ynqe
LwGYwEtsRi6B6NkOaX9cwZijnWb	wiki	班委群SMG	2026-07-08 09:01		https://xiaopeng.feishu.cn/wiki/LwGYwEtsRi6B6NkOaX9cwZijnWb
RYw5wVLAEiY2FPk4GRecRUmNnGb	wiki	算法组+高炳涛群	2026-03-20 07:33	  @_all 大家快速更新下周会文档	https://xiaopeng.feishu.cn/wiki/RYw5wVLAEiY2FPk4GRecRUmNnGb
McfrwKO62izp7MknPJIc94Q5nnc	wiki	算法组+高炳涛群	2026-03-23 02:26	@_all 大家简单写一下本周计划	https://xiaopeng.feishu.cn/wiki/McfrwKO62izp7MknPJIc94Q5nnc
Xz2bwL64jiIp4Gkb5lPc9edMnve	wiki	算法组+高炳涛群	2026-03-23 06:08		https://xiaopeng.feishu.cn/wiki/Xz2bwL64jiIp4Gkb5lPc9edMnve
EEJxw0wKWizoQOk9xRXcnjuzngf	wiki	算法组+高炳涛群	2026-03-25 09:43		https://xiaopeng.feishu.cn/wiki/EEJxw0wKWizoQOk9xRXcnjuzngf
SIsJw6AdViyX4SklncvcUzbRnud	wiki	算法组+高炳涛群	2026-03-26 10:20	[A100实验汇总（Hil链路预研）](	https://xiaopeng.feishu.cn/wiki/SIsJw6AdViyX4SklncvcUzbRnud
ZjwPwuYJvio72rkLAZscVbiTnng	wiki	算法组+高炳涛群	2026-03-27 05:58	本周周会页面	https://xiaopeng.feishu.cn/wiki/ZjwPwuYJvio72rkLAZscVbiTnng
INzrwpX0liJXdukHlbDcVpBCnYc	wiki	算法组+高炳涛群	2026-03-31 06:14	59:07Z] 杨星昊:       能帮忙快速确认下这个需求里面的jira case的红绿灯，生产以后效果会有问题吗？	https://xiaopeng.feishu.cn/wiki/INzrwpX0liJXdukHlbDcVpBCnYc
XWshwrUWXiA1yCkHz9hcmj8HnDc	wiki	算法组+高炳涛群	2026-04-02 08:29	?table=tblQUjemQrHRAxy3&view=vewf1AbzGF robotaxi 不复现的case 30	https://xiaopeng.feishu.cn/wiki/XWshwrUWXiA1yCkHz9hcmj8HnDc
KyHqwYkE1ifpIYkH5Fucm2fpnkf	wiki	算法组+高炳涛群	2026-04-03 06:51	<p>	https://xiaopeng.feishu.cn/wiki/KyHqwYkE1ifpIYkH5Fucm2fpnkf
AfHawLfYvi3ZNOk2tnzcE47sn1d	wiki	算法组+高炳涛群	2026-04-10 06:36	[	https://xiaopeng.feishu.cn/wiki/AfHawLfYvi3ZNOk2tnzcE47sn1d
Gn8zwgUt0iQq5LkSFlicLV7GnXc	wiki	算法组+高炳涛群	2026-04-10 06:57	在SIL的链路测试了3dgs 渲染batch/串行，整卡/mig的资源消耗情况：	https://xiaopeng.feishu.cn/wiki/Gn8zwgUt0iQq5LkSFlicLV7GnXc
RgQCwR3jEigDT7kVRq9cdrQHnwh	wiki	算法组+高炳涛群	2026-04-17 02:02	开发，已完成开发任务拆解及明确各阶段工作目标。目前正推进第一阶段开发工作，计划完成时间节点为4月30日，（完整计划文档[	https://xiaopeng.feishu.cn/wiki/RgQCwR3jEigDT7kVRq9cdrQHnwh
KGAWwhB9ziDQYokR2dFcvMgKnvd	wiki	算法组+高炳涛群	2026-04-17 02:02	tps://xiaopeng.feishu.cn/wiki/RgQCwR3jEigDT7kVRq9cdrQHnwh)/[	https://xiaopeng.feishu.cn/wiki/KGAWwhB9ziDQYokR2dFcvMgKnvd
ALsrwpTfuizFwakYXW2cMnxbnXc	wiki	高炳涛私聊	2026-04-17 12:48	高老师，我汇总了一个本周的简报：	https://xiaopeng.feishu.cn/wiki/ALsrwpTfuizFwakYXW2cMnxbnXc
PLWTw4agRiI8NUkEdFMcornFnOb	wiki	高炳涛私聊	2026-04-24 03:07		https://xiaopeng.feishu.cn/wiki/PLWTw4agRiI8NUkEdFMcornFnOb
Oq96wT2qziv8VFkXLRCco0cpnCc	wiki	组员群	2026-04-10 07:24	周会页面哈各位更新下	https://xiaopeng.feishu.cn/wiki/Oq96wT2qziv8VFkXLRCco0cpnCc
LpbTdfU95oDnnTx5LmAc7Q1WnVg	docx	组员群	2026-04-14 02:55	@_all 大家按照文档拆解OKR，并录入对齐	https://xiaopeng.feishu.cn/docx/LpbTdfU95oDnnTx5LmAc7Q1WnVg
RVqndaMkso4pEKxMFOlcHNiqnRh	docx	组员群	2026-04-14 03:33	样了30个左右case，问题还是不少的，这些问题做一下根因分析和归类，本周周会上讨论下下一步的解决方案@杨星昊 @杜思聪	https://xiaopeng.feishu.cn/docx/RVqndaMkso4pEKxMFOlcHNiqnRh
WIMcw5Vjmi9MtEkcsb8cEqsBnkd	wiki	组员群	2026-04-14 11:14	@_all hi all，这是今天组会上提到的，请大家帮忙筛查数据问题的操作指南：	https://xiaopeng.feishu.cn/wiki/WIMcw5Vjmi9MtEkcsb8cEqsBnkd
MG3jsA54ShaFfdtmyFEceQMjnRh	sheets	组员群	2026-04-14 11:14	g.feishu.cn/wiki/WIMcw5Vjmi9MtEkcsb8cEqsBnkd，这个是大家对应的数据id列表，	https://xiaopeng.feishu.cn/sheets/MG3jsA54ShaFfdtmyFEceQMjnRh
Qj4hwVUZZild5wkhAI4cquRznXc	wiki	组员群	2026-04-15 11:05		https://xiaopeng.feishu.cn/wiki/Qj4hwVUZZild5wkhAI4cquRznXc
VwTIdMIoOogRhdxur0ScCp0tnS4	docx	组员群	2026-04-15 12:16	:       XP5的么？ 这个就是曝光时间吧， 这个可能要问ICC的同学。 ORIN上 定义是这样的       [	https://xiaopeng.feishu.cn/docx/VwTIdMIoOogRhdxur0ScCp0tnS4
UkxZd7tlDom6Gax64vycCuy7nnr	docx	组员群	2026-04-15 12:45	?from=vc_group_doc_link#doxcn0zqiuz0dOWUewItXcDwwlh	https://xiaopeng.feishu.cn/docx/UkxZd7tlDom6Gax64vycCuy7nnr
G1DYwUMm0iMdBhkWA7CcKSannYj	wiki	组员群	2026-04-16 08:37	#share-O4n0dtrlnoAcL3xfczicWYnxnxg   昨日118条长里程数据CCES评测结果已出，共	https://xiaopeng.feishu.cn/wiki/G1DYwUMm0iMdBhkWA7CcKSannYj
RMDWwQOHoiIsgjksew3cnJU6npf	wiki	组员群	2026-04-16 08:37	测结果已出，共跑了rl15、rl38的两个FM模型以及有无difix 共4个实验。118条数据无fail情况，测评结果见	https://xiaopeng.feishu.cn/wiki/RMDWwQOHoiIsgjksew3cnJU6npf
Oy6XwbD5Vi8QMGkmLOTc9yF2nVg	wiki	组员群	2026-04-17 06:19	@_all	https://xiaopeng.feishu.cn/wiki/Oy6XwbD5Vi8QMGkmLOTc9yF2nVg
RGk1wm2gUicQ76khHqXcn3ManXb	wiki	组员群	2026-04-17 12:49		https://xiaopeng.feishu.cn/wiki/RGk1wm2gUicQ76khHqXcn3ManXb
HV16wwt71iFNNEkmwPHcoUDWn6g	wiki	组员群	2026-04-21 09:24	  https://xiaopeng.feishu.cn/wiki/CsCfw229bixjB8kqeLRc8spWn	https://xiaopeng.feishu.cn/wiki/HV16wwt71iFNNEkmwPHcoUDWn6g
CsCfw229bixjB8kqeLRc8spWnwf	wiki	组员群	2026-04-21 09:24	ttps://xiaopeng.feishu.cn/wiki/HV16wwt71iFNNEkmwPHcoUDWn6g  	https://xiaopeng.feishu.cn/wiki/CsCfw229bixjB8kqeLRc8spWnwf
ZdaAwYizciBkwykZlC0ceeuYnTh	wiki	组员群	2026-04-22 08:28	22T06:43:05Z] 夏志勋:       @罗军   [2026-04-22T06:45:01Z] 吕文杰:  	https://xiaopeng.feishu.cn/wiki/ZdaAwYizciBkwykZlC0ceeuYnTh
SDLQwuAbSirfZHk7J0fc4ktnnlf	wiki	组员群	2026-04-24 03:00	?sheet=wmc406   表格 长路线_0424 是跑的昨天生产的长里程case 的cces结果，均为带了difi	https://xiaopeng.feishu.cn/wiki/SDLQwuAbSirfZHk7J0fc4ktnnlf
Td6xwEcweiWsoTklYapcMVHkngc	wiki	组员群	2026-04-24 07:58		https://xiaopeng.feishu.cn/wiki/Td6xwEcweiWsoTklYapcMVHkngc
C6p3d55IvoRt75xQHgIc3oc1nNe	docx	组员群	2026-04-27 06:10	?from=vc_group_doc_link#doxcnOAWBWdSxif3jpH4xlBoSBc	https://xiaopeng.feishu.cn/docx/C6p3d55IvoRt75xQHgIc3oc1nNe
CdyDwdoEQijOi6km7pAcLNJmnjb	wiki	组员群	2026-04-30 06:16		https://xiaopeng.feishu.cn/wiki/CdyDwdoEQijOi6km7pAcLNJmnjb
Hek0wsQ9fix3zckYRbvcNUMJn2c	wiki	组员群	2026-05-09 07:04	<p>	https://xiaopeng.feishu.cn/wiki/Hek0wsQ9fix3zckYRbvcNUMJn2c
XFwfwaAXxic8V1k3kK1cUazfn5g	wiki	组员群	2026-05-15 03:30	  clip_iqa数据集及评分辛苦大家人工review一下，主要是看一下仿真车图像质量问题+仿真车与实车轨迹能否复现	https://xiaopeng.feishu.cn/wiki/XFwfwaAXxic8V1k3kK1cUazfn5g
B65jdV4fCow2DJxO64ncnepEnVe	docx	组员群	2026-05-20 02:18	[	https://xiaopeng.feishu.cn/docx/B65jdV4fCow2DJxO64ncnepEnVe
MKhAwxLK3id7FLkVT6McyHx1neg	wiki	组员群	2026-05-21 10:37	?sheet=b901dc	https://xiaopeng.feishu.cn/wiki/MKhAwxLK3id7FLkVT6McyHx1neg
J0W3dX4gQoc07lxBMdYcWXW9nkc	docx	组员群	2026-06-10 10:10	?from=navigation	https://xiaopeng.feishu.cn/docx/J0W3dX4gQoc07lxBMdYcWXW9nkc
ZMkmwHnJeilXCNk6ttScedBKnEf	wiki	组员群	2026-06-11 08:45	新的copilot额度申请入口	https://xiaopeng.feishu.cn/wiki/ZMkmwHnJeilXCNk6ttScedBKnEf
O917wTFJJi4eHHkfOXtcjtesn1d	wiki	组员群	2026-06-11 10:10	@李坤	https://xiaopeng.feishu.cn/wiki/O917wTFJJi4eHHkfOXtcjtesn1d
ZUGCwVB3fiDcRDkwqYbcCDyInxf	wiki	组员群	2026-06-12 09:32	写了个初版训练仿真评测闭环Agent开发方案  	https://xiaopeng.feishu.cn/wiki/ZUGCwVB3fiDcRDkwqYbcCDyInxf
CDv7wbMFmiYW1EkYRNRcnnBinah	wiki	组员群	2026-06-16 06:26	  目前研发自测任务主要是基于ucp和fuyao进行，在操作流程上会比较繁琐，后续准备把研发自测任务也完全由cloud	https://xiaopeng.feishu.cn/wiki/CDv7wbMFmiYW1EkYRNRcnnBinah
XCjjwvbM8iv73MkOa60cFr0BnlV	wiki	组员群	2026-06-23 07:27	(https://luban.x-peng.com/ai-coding-tool/my-tool) [📖查看完整规范](	https://xiaopeng.feishu.cn/wiki/XCjjwvbM8iv73MkOa60cFr0BnlV
EeemwpVwdiJ1l0kEs9bc3ryZnUe	wiki	组员群	2026-06-24 06:18	s渲染链路对动态车的加载问题，保证编辑车与真实动态车共存   2. 优化轨迹生成规则   详细结果已补充在文档中   [	https://xiaopeng.feishu.cn/wiki/EeemwpVwdiJ1l0kEs9bc3ryZnUe
A94TwINDAir7GSkOL5lcUgqJnpe	wiki	组员群	2026-06-29 04:21	@李坤 @郑丽娜 @瞿鑫宇 @周冯 整理了下目前HIL 3DGS欠的账，大佬们检阅一下	https://xiaopeng.feishu.cn/wiki/A94TwINDAir7GSkOL5lcUgqJnpe
L41IwsWGTi24f4kYScYcQ4OZnQc	wiki	组员群	2026-06-29 09:16	对应的编包方式可以参考[	https://xiaopeng.feishu.cn/wiki/L41IwsWGTi24f4kYScYcQ4OZnQc
ZfJyw7stvihOqqkI7Awcz7TKnWL	wiki	组员群	2026-07-01 02:30	@_all	https://xiaopeng.feishu.cn/wiki/ZfJyw7stvihOqqkI7Awcz7TKnWL
XXvewamYMiJJQekhP8FcJPU9n4d	wiki	组员群	2026-07-01 04:51	<p>	https://xiaopeng.feishu.cn/wiki/XXvewamYMiJJQekhP8FcJPU9n4d
SlC6wQUZjiz8vnkDcMVc9MjAnuc	wiki	组员群	2026-07-02 03:32	大概拟定了一下车型泛化7月高优事宜，时间有点紧，需要最近开始做起来了 [双手合十]  	https://xiaopeng.feishu.cn/wiki/SlC6wQUZjiz8vnkDcMVc9MjAnuc
Q9BVwAnu0iq2UTkj2neckfvOnhb	wiki	组员群	2026-07-06 02:56	到的同学，把反馈集中起来写出来   2. 其次用户问卷，会包含内部和外部用户，Q2结束，这一周我们收集整体反馈。   [	https://xiaopeng.feishu.cn/wiki/Q9BVwAnu0iq2UTkj2neckfvOnhb
GSeJwH9lsirCvmkYkCycoTXzn2e	wiki	组员群	2026-07-06 05:27	ube点云到高斯链路的持续优化，这一块我先来看看具体优化项，后续直接补充到文档中。   大家有什么建议也可以提出来~  	https://xiaopeng.feishu.cn/wiki/GSeJwH9lsirCvmkYkCycoTXzn2e
TGrAwdMz1igqOsklBqDc4Wr0n6e	wiki	组员群	2026-07-07 03:40	7月每周的计划提前拆解，大家关注下哈	https://xiaopeng.feishu.cn/wiki/TGrAwdMz1igqOsklBqDc4Wr0n6e
Tu9rdASMeozNRXxE7aicG9GSnuf	docx	组员群	2026-07-07 09:46	?from=vc_group_doc_link#doxcn507eUw0AqoeRhVzI2dJ0Sd	https://xiaopeng.feishu.cn/docx/Tu9rdASMeozNRXxE7aicG9GSnuf
Gpv0wAM7FicOJokpI9jcEsPYnbc	wiki	全员群	2026-04-14 09:15	这个是完成情况表哈，大家写完OKR，记得发起确认哈~  	https://xiaopeng.feishu.cn/wiki/Gpv0wAM7FicOJokpI9jcEsPYnbc
OFnzww2S4iK6fmkwkx8ccBkyn4g	wiki	全员群	2026-04-14 09:15	ttps://xiaopeng.feishu.cn/wiki/Gpv0wAM7FicOJokpI9jcEsPYnbc  	https://xiaopeng.feishu.cn/wiki/OFnzww2S4iK6fmkwkx8ccBkyn4g
Efa8w1dkdiAOP9k0mLocVPD1nMh	wiki	全员群	2026-04-20 01:17	><p>使用文档：https://docs.qoder.com/zh/quick-start</p><p>组织邀请链接：	https://xiaopeng.feishu.cn/wiki/Efa8w1dkdiAOP9k0mLocVPD1nMh
NLsXwTh9yiDQ12k8kgfcQTFBncb	wiki	全员群	2026-04-28 07:15	 Hi，各位同学，五一长假临近，为了方便后续的任务排期，今天下班前请大家根据五一的计划，填写假期前后的休假和出勤情况。[	https://xiaopeng.feishu.cn/wiki/NLsXwTh9yiDQ12k8kgfcQTFBncb
Lbi0w1WIwi3wnWkq7tEcHs77nkd	wiki	全员群	2026-04-30 01:08	请及时处理考勤异常哦！4月的调休，请在今天上午前填写好哈   仿真的调休表：[仿真部调休/加班记录表 - 飞书云文档](	https://xiaopeng.feishu.cn/wiki/Lbi0w1WIwi3wnWkq7tEcHs77nkd
QZNGwVRpAieUI1kg8JjculL7nif	wiki	全员群	2026-05-09 08:05	，一起挖掘业务场景 AI 创新思路，轻松组队、安心备赛，一起站上 AI 公开赛舞台   [一键进入GIC-AI灵感池](	https://xiaopeng.feishu.cn/wiki/QZNGwVRpAieUI1kg8JjculL7nif
Ny7lwWCSOiwwXBkBlpec3Ii4nrg	wiki	全员群	2026-05-28 06:46	@徐林鵾 @Shuo Chen 可以让大家试试我们的inference platform	https://xiaopeng.feishu.cn/wiki/Ny7lwWCSOiwwXBkBlpec3Ii4nrg
RtJ7wUMvqiF7PlkPn2AcbnVZnRc	wiki	全员群	2026-06-17 09:04	节点（6月22日前完成）完成学习👇**      📌 **第一期：《守住口，对外沟通要谨慎，付费访谈碰不得》**   [	https://xiaopeng.feishu.cn/wiki/RtJ7wUMvqiF7PlkPn2AcbnVZnRc
LmS3wrqPqiZJblkFshRcA1TNnqb	wiki	全员群	2026-06-17 09:04	律拒绝，不确定的情况请提前联系合规部报备！**      **📌 第二期：《管住手，不拷贝、不截图、不外传》**   [	https://xiaopeng.feishu.cn/wiki/LmS3wrqPqiZJblkFshRcA1TNnqb
PbENw0Kx4iAFrIkLlqDc2m5wnOt	wiki	全员群	2026-06-17 09:04	/私人设备，飞书文档权限请严格按部门规则配置。**      **📌 第三期：《守好物，物理保密不能有盲区》**   [	https://xiaopeng.feishu.cn/wiki/PbENw0Kx4iAFrIkLlqDc2m5wnOt
YeaTwG2ufiMkKCkZaEQcE3e8nKc	wiki	核心日会群	2026-04-23 03:38	@高炳涛 大的阶段对齐过。引擎具体任务跟踪在	https://xiaopeng.feishu.cn/wiki/YeaTwG2ufiMkKCkZaEQcE3e8nKc
FXVWwPOUIiZ4ZjkSWgJcBJEgnvd	wiki	核心日会群	2026-04-23 06:34	@高炳涛	https://xiaopeng.feishu.cn/wiki/FXVWwPOUIiZ4ZjkSWgJcBJEgnvd
YUv6dTRUDowxAvxEip1cSE3Vnpf	docx	核心日会群	2026-04-23 07:42	@高炳涛	https://xiaopeng.feishu.cn/docx/YUv6dTRUDowxAvxEip1cSE3Vnpf
F2SWwviHPidCjjkympgc3xlJn7d	wiki	核心日会群	2026-04-23 10:21	_98cd0afc-97f3-4d1e-a116-e78e5cc1381g)      有整理一个文档，也可以作为参考[	https://xiaopeng.feishu.cn/wiki/F2SWwviHPidCjjkympgc3xlJn7d
FMyadNLqxoUkbrxgjajczAZenQd	docx	核心日会群	2026-04-27 02:00	?from=vc_group_doc_link#doxcnuC7HKZowNtcodfxOvb1XTc	https://xiaopeng.feishu.cn/docx/FMyadNLqxoUkbrxgjajczAZenQd
QHDHdsckRou8vxxoNfHcKX85n3b	docx	核心日会群	2026-04-28 01:52	?from=vc_group_doc_link#doxcnYmd92t9w9qPLjnByfq1Chc	https://xiaopeng.feishu.cn/docx/QHDHdsckRou8vxxoNfHcKX85n3b
PJ9iwSbhCipqgkk980Dcla8tnKW	wiki	核心日会群	2026-04-29 00:47		https://xiaopeng.feishu.cn/wiki/PJ9iwSbhCipqgkk980Dcla8tnKW
E0EfdVvjXoVfgwxRKYqccXdonVd	docx	核心日会群	2026-04-29 01:59	?from=vc_group_doc_link#doxcnIZmTPD4BbUwRscNI2ND2De	https://xiaopeng.feishu.cn/docx/E0EfdVvjXoVfgwxRKYqccXdonVd
C4zudqKXLo4rI5xo8OccSCBinhe	docx	核心日会群	2026-04-30 01:58	?from=vc_group_doc_link#doxcnY1VCis5JGnBPp13oOsSzhf	https://xiaopeng.feishu.cn/docx/C4zudqKXLo4rI5xo8OccSCBinhe
QRSaw4yndiXIvEkg35wcX11NnFe	wiki	核心日会群	2026-05-06 01:02	[	https://xiaopeng.feishu.cn/wiki/QRSaw4yndiXIvEkg35wcX11NnFe
EZpsdJu2xoCM9RxGdSvcfD33nkf	docx	核心日会群	2026-05-06 06:02	?from=vc_group_doc_link#doxcncAop4vm5KBxdTot89U2dte	https://xiaopeng.feishu.cn/docx/EZpsdJu2xoCM9RxGdSvcfD33nkf
OBM4drBj8oSybrxIYi3ckjWjnPg	docx	核心日会群	2026-05-07 02:01	?from=vc_group_doc_link#doxcnPre8lKcstnGqdkYNNrfqmf	https://xiaopeng.feishu.cn/docx/OBM4drBj8oSybrxIYi3ckjWjnPg
JsJZdUEtXoypepxqQNGceXFnnEg	docx	核心日会群	2026-05-08 02:17	?from=vc_group_doc_link#doxcnB2ivqe8XZc2jAYqrR9ROrh	https://xiaopeng.feishu.cn/docx/JsJZdUEtXoypepxqQNGceXFnnEg
HceTwonjai46HZkpjg5cTm9qnWe	wiki	核心日会群	2026-05-08 05:46		https://xiaopeng.feishu.cn/wiki/HceTwonjai46HZkpjg5cTm9qnWe
VKpwdVGUko7SgjxSsXQcAfXpnJe	docx	核心日会群	2026-05-11 02:12	?from=vc_group_doc_link#doxcn04qg2qrlgv2hJXGaUhY0Ob	https://xiaopeng.feishu.cn/docx/VKpwdVGUko7SgjxSsXQcAfXpnJe
EfCWwDHHaiIlT4k2E2ocm3gfnEb	wiki	核心日会群	2026-05-11 04:21		https://xiaopeng.feishu.cn/wiki/EfCWwDHHaiIlT4k2E2ocm3gfnEb
RkMgdpPzZoOM6ZxryjocEA85nqb	docx	核心日会群	2026-05-12 02:19	?from=vc_group_doc_link#doxcnUU3fDaqgdvaPOfZOKmu3Ne	https://xiaopeng.feishu.cn/docx/RkMgdpPzZoOM6ZxryjocEA85nqb
Qxyedmsy2oKbqhx64Lzctagwnwg	docx	核心日会群	2026-05-13 02:08	?from=vc_group_doc_link#doxcnA2zdMapcwCb5Qx5z5Qckbh	https://xiaopeng.feishu.cn/docx/Qxyedmsy2oKbqhx64Lzctagwnwg
YhGNwOzXTiJOrOkhkFAcpWgonih	wiki	核心日会群	2026-05-13 06:34		https://xiaopeng.feishu.cn/wiki/YhGNwOzXTiJOrOkhkFAcpWgonih
OzmRd6RI2oQGH4xOBe8c5OvynJc	docx	核心日会群	2026-05-14 04:10	?from=vc_group_doc_link#doxcnHwp9RVgLhskVpotVMxsX1d	https://xiaopeng.feishu.cn/docx/OzmRd6RI2oQGH4xOBe8c5OvynJc
UXLJwAGpei90YfkfaD9cLwy4nVM	wiki	核心日会群	2026-05-18 02:15		https://xiaopeng.feishu.cn/wiki/UXLJwAGpei90YfkfaD9cLwy4nVM
EtVXd7uAVorUHSx1gNocl4qOnIg	docx	核心日会群	2026-05-18 02:21	?from=vc_group_doc_link#doxcnk8D6ZeqUpQaTVUfq06zX7d	https://xiaopeng.feishu.cn/docx/EtVXd7uAVorUHSx1gNocl4qOnIg
NLZDwyaJwiwhHvki3sgckyEpnnh	wiki	核心日会群	2026-05-19 01:57		https://xiaopeng.feishu.cn/wiki/NLZDwyaJwiwhHvki3sgckyEpnnh
XZkOdeaNBob9K3xwd9EcR5G1nvh	docx	核心日会群	2026-05-19 02:17	?from=vc_group_doc_link#doxcntgkzkSd3lInH3Ksf0jY6jf	https://xiaopeng.feishu.cn/docx/XZkOdeaNBob9K3xwd9EcR5G1nvh
WyR6dvs5LoGRafxK0zQccUn9ni1	docx	核心日会群	2026-05-20 02:29	?from=vc_group_doc_link#doxcnFeP3EaG3o6WmTBDmYuBVgb	https://xiaopeng.feishu.cn/docx/WyR6dvs5LoGRafxK0zQccUn9ni1
HZuWwCXkzibbehk47dEc9C0EnNc	wiki	核心日会群	2026-05-20 07:53	@张驰 @夏志勋@赖西湖  @徐林鵾@邓爽@吴益民@郑丽娜 @李坤  Cc  @刘开拓 @高炳涛   	https://xiaopeng.feishu.cn/wiki/HZuWwCXkzibbehk47dEc9C0EnNc
KFEbdnkS1oaCxjx5ccEcFAqdnFf	docx	核心日会群	2026-05-21 02:02	?from=vc_group_doc_link#doxcnVt2ICTJPGCU521JH5CtYUc	https://xiaopeng.feishu.cn/docx/KFEbdnkS1oaCxjx5ccEcFAqdnFf
EldlwToy4iYKkwkFEbEcnqB6nIf	wiki	核心日会群	2026-05-22 14:13		https://xiaopeng.feishu.cn/wiki/EldlwToy4iYKkwkFEbEcnqB6nIf
TOybdZFnDog3fjxvTBZcjRCGnEf	docx	核心日会群	2026-05-25 01:58	?from=vc_group_doc_link#doxcnAD1krNb9yMKaszG3GiRhgd	https://xiaopeng.feishu.cn/docx/TOybdZFnDog3fjxvTBZcjRCGnEf
AjdhdGu7eo1bEoxfbkPcUk2sni2	docx	核心日会群	2026-05-26 02:10	?from=vc_group_doc_link#doxcnn2fP9zI9ZuW7tGTDt3HUJb	https://xiaopeng.feishu.cn/docx/AjdhdGu7eo1bEoxfbkPcUk2sni2
UN1ldTqX0o8LqrxszDiclAyfnXe	docx	核心日会群	2026-05-27 02:04	?from=vc_group_doc_link#doxcngg70nLnaVX1imZN9p6G4nf	https://xiaopeng.feishu.cn/docx/UN1ldTqX0o8LqrxszDiclAyfnXe
IH7wd2k1ZotCCbxmSJMc4ij8nsg	docx	核心日会群	2026-05-28 02:03	?from=vc_group_doc_link#doxcn5LzzQPzEVGsbFZ4jaBDlRb	https://xiaopeng.feishu.cn/docx/IH7wd2k1ZotCCbxmSJMc4ij8nsg
LX04dWCu5oS70NxZoVZcPjuCnIc	docx	核心日会群	2026-05-28 09:35	@高炳涛 嗯，雪智准备的材料	https://xiaopeng.feishu.cn/docx/LX04dWCu5oS70NxZoVZcPjuCnIc
EfxydPgU6oOJ36xU7yCclICfnOb	docx	核心日会群	2026-05-29 02:07	?from=vc_group_doc_link#doxcnKBdZuu4XmQI0m3qn2drvEf	https://xiaopeng.feishu.cn/docx/EfxydPgU6oOJ36xU7yCclICfnOb
E98Fdqk3Vofp6wx69p3cOVpwnGh	docx	核心日会群	2026-06-01 01:48	?from=vc_group_doc_link#doxcnirE2xm7jrqgSzniaWyyLNf	https://xiaopeng.feishu.cn/docx/E98Fdqk3Vofp6wx69p3cOVpwnGh
JWWvdvU61ozRohxR5iXc8BzAnKb	docx	核心日会群	2026-06-02 02:01	?from=vc_group_doc_link#doxcnBjy8tVc1hNLcFH04dt9bee	https://xiaopeng.feishu.cn/docx/JWWvdvU61ozRohxR5iXc8BzAnKb
PlBQd6E5RoYoB6x3auYcE3Gcn4f	docx	核心日会群	2026-06-03 02:09	?from=vc_group_doc_link#doxcnnDOa4JWiPzi3DIYypNqimc	https://xiaopeng.feishu.cn/docx/PlBQd6E5RoYoB6x3auYcE3Gcn4f
X0AtdKAmwoTJHQx2Qa5cfXDZnWg	docx	核心日会群	2026-06-04 03:19	?from=vc_group_doc_link#doxcnhEUq800L53vLIfh0aJwvVh	https://xiaopeng.feishu.cn/docx/X0AtdKAmwoTJHQx2Qa5cfXDZnWg
RCmadiBMVobOMcx99JvccRgnnnC	docx	核心日会群	2026-06-05 01:59	?from=vc_group_doc_link#doxcnIlWmX0Ik0shpX0cKgSMlxc	https://xiaopeng.feishu.cn/docx/RCmadiBMVobOMcx99JvccRgnnnC
LRazdfc91oyFqjx2RKrctwe6nJV	docx	核心日会群	2026-06-08 02:46	call跟进/线上问题处理4个场景为切入点，构建统一的链路/框架，围绕场景进行skills的迭代。欢迎大家留言评论。  	https://xiaopeng.feishu.cn/docx/LRazdfc91oyFqjx2RKrctwe6nJV
UHCRdIr8poZLB3xYGTTcvb7cnif	docx	核心日会群	2026-06-09 02:41	?from=vc_group_doc_link#doxcnPqCjWwV0QU9vbo2FmLAhrf	https://xiaopeng.feishu.cn/docx/UHCRdIr8poZLB3xYGTTcvb7cnif
NmbKdb20VoK0JoxuVeRcLkadnFc	docx	核心日会群	2026-06-10 02:01	?from=vc_group_doc_link#doxcntsv2SU8E4JjmXLZ6G6uBhc	https://xiaopeng.feishu.cn/docx/NmbKdb20VoK0JoxuVeRcLkadnFc
BDROdkbNQoQ0dzxRSB4cbWOtnTb	docx	核心日会群	2026-06-11 02:17	?from=vc_group_doc_link#doxcnVtrOPxvb7ZjE0bLbY0DZNe	https://xiaopeng.feishu.cn/docx/BDROdkbNQoQ0dzxRSB4cbWOtnTb
AmTUd86HRoUf7QxEYPLchYr5nXg	docx	核心日会群	2026-06-12 02:07	?from=vc_group_doc_link#doxcniI1d38iuKV2UdstCQUwYvh	https://xiaopeng.feishu.cn/docx/AmTUd86HRoUf7QxEYPLchYr5nXg
Hi5hdhLicoEalyxrV3fc4tFXnvc	docx	核心日会群	2026-06-15 01:57	?from=vc_group_doc_link#doxcnpuvVO6Ac5ZZZnQxycSxp2f	https://xiaopeng.feishu.cn/docx/Hi5hdhLicoEalyxrV3fc4tFXnvc
OG2zdNqJUocuaSxZhlHci83znQh	docx	核心日会群	2026-06-16 02:07	?from=vc_group_doc_link#doxcnNiyTQFUKuEvHZOrpHp0Utc	https://xiaopeng.feishu.cn/docx/OG2zdNqJUocuaSxZhlHci83znQh
NUPzdvDXvoaCAyxOPmNcl7bNnqf	docx	核心日会群	2026-06-17 02:02	?from=vc_group_doc_link#doxcngDLZTsPOAxVHt3MLqxOFSc	https://xiaopeng.feishu.cn/docx/NUPzdvDXvoaCAyxOPmNcl7bNnqf
LC0qd7ejjohnPuxoH7DcR9CCnQh	docx	核心日会群	2026-06-18 01:43	?from=vc_group_doc_link#doxcn8Kz8tHMnsbmcz1iX5lo1mg	https://xiaopeng.feishu.cn/docx/LC0qd7ejjohnPuxoH7DcR9CCnQh
T6y0diJvZoW1JsxD24dczYugnih	docx	核心日会群	2026-06-22 01:58	?from=vc_group_doc_link#doxcnaxwbAxL6J8OjdSjN6JG2Wf	https://xiaopeng.feishu.cn/docx/T6y0diJvZoW1JsxD24dczYugnih
NG1QdscHQoM4PAxOrRxcCvFMnSe	docx	核心日会群	2026-06-23 02:05	?from=vc_group_doc_link#doxcntf8B1IBrOIVzjNUJWCCNAd	https://xiaopeng.feishu.cn/docx/NG1QdscHQoM4PAxOrRxcCvFMnSe
C8r2d0lwIo1nGzxL59tcbr9Rn2g	docx	核心日会群	2026-06-24 02:05	?from=vc_group_doc_link#doxcnxJI8h9xsngpDvaL8Rg9KHf	https://xiaopeng.feishu.cn/docx/C8r2d0lwIo1nGzxL59tcbr9Rn2g
TUwpdyT3xohJ4bx3r6kcR2uVndd	docx	核心日会群	2026-06-25 02:08	?from=vc_group_doc_link#doxcnSDYdDXpMjSsS6xzQmrz2Uf	https://xiaopeng.feishu.cn/docx/TUwpdyT3xohJ4bx3r6kcR2uVndd
YMyudyWVRo1xgPxWBIPc4CjZnwe	docx	核心日会群	2026-06-26 02:05	?from=vc_group_doc_link#doxcnYSxlImf5331HvjLH1WHpmg	https://xiaopeng.feishu.cn/docx/YMyudyWVRo1xgPxWBIPc4CjZnwe
QlSrw3e4Ciuc6vkgZgdcNuHZnOb	wiki	核心日会群	2026-06-29 01:52		https://xiaopeng.feishu.cn/wiki/QlSrw3e4Ciuc6vkgZgdcNuHZnOb
SdULd0jepoNfVrxMbJJcHCkynjf	docx	核心日会群	2026-06-29 06:10	?from=vc_group_doc_link#doxcnKfRjAmPmVQ81NSYr45qzyf	https://xiaopeng.feishu.cn/docx/SdULd0jepoNfVrxMbJJcHCkynjf
JThRd3n5IoFpJFxjtSCcCws8nHe	docx	核心日会群	2026-06-30 02:11	?from=vc_group_doc_link#doxcnlUlPOqmzFkaRYeynOvQwPc	https://xiaopeng.feishu.cn/docx/JThRd3n5IoFpJFxjtSCcCws8nHe
Wu6ywIOM6iEucDkmx3hcEgLHnmg	wiki	核心日会群	2026-06-30 02:54	<p>@高炳涛 大部分都汇总在总的日会文档：	https://xiaopeng.feishu.cn/wiki/Wu6ywIOM6iEucDkmx3hcEgLHnmg
WLp7whFhTihS7qkj1pIcgTLcnNf	wiki	核心日会群	2026-06-30 02:54	  https://xiaopeng.feishu.cn/wiki/ZCx8wIk4UiE4cUkBzGFczVqTn	https://xiaopeng.feishu.cn/wiki/WLp7whFhTihS7qkj1pIcgTLcnNf
ZCx8wIk4UiE4cUkBzGFczVqTnIK	wiki	核心日会群	2026-06-30 02:54	ttps://xiaopeng.feishu.cn/wiki/WLp7whFhTihS7qkj1pIcgTLcnNf  	https://xiaopeng.feishu.cn/wiki/ZCx8wIk4UiE4cUkBzGFczVqTnIK
PDJ2wKHnciz3rgkF1jlcoJVQnQc	wiki	核心日会群	2026-06-30 02:55		https://xiaopeng.feishu.cn/wiki/PDJ2wKHnciz3rgkF1jlcoJVQnQc
VW5lw0kH5icyAOkiRK2cbJOyneh	wiki	核心日会群	2026-06-30 06:43	还需要让TC的同学来一起处理计划今天下午先拉个会，已经有一个初始文档，   5. **最终留存数据 **是一些细节分析[	https://xiaopeng.feishu.cn/wiki/VW5lw0kH5icyAOkiRK2cbJOyneh
NtMAdx4ZfoEXmYxNgGVcIirKnYf	docx	核心日会群	2026-07-01 02:16	?from=vc_group_doc_link#doxcn43jRZNVcKcOV4R9lW8lDed	https://xiaopeng.feishu.cn/docx/NtMAdx4ZfoEXmYxNgGVcIirKnYf
NOoMwJPz9iQg1zk2bkecY8nonMe	wiki	核心日会群	2026-07-02 07:37	家确认repo权限符合最小要求后再走正式流程。也便于流程走到bingtao审批的时候可以对照。 大家看看有没有什么问题。	https://xiaopeng.feishu.cn/wiki/NOoMwJPz9iQg1zk2bkecY8nonMe
GXncdgbIKo4HaAxZKIEcRWXCn6e	docx	核心日会群	2026-07-03 01:54	?from=vc_group_doc_link#doxcnM7AwFuxhupUZa5h4gj6f2e	https://xiaopeng.feishu.cn/docx/GXncdgbIKo4HaAxZKIEcRWXCn6e
IA9ddfMefoy6GRxZJUfcw4HSn5b	docx	核心日会群	2026-07-06 02:02	?from=vc_group_doc_link#doxcnognQCzAy3julSRSQZVjPYc	https://xiaopeng.feishu.cn/docx/IA9ddfMefoy6GRxZJUfcw4HSn5b
OIZKdP7RpoGRhJxInEIcNaKun9Y	docx	核心日会群	2026-07-07 01:57	?from=vc_group_doc_link#doxcnnZgqXi52WPgtpy3P5SoGQc	https://xiaopeng.feishu.cn/docx/OIZKdP7RpoGRhJxInEIcNaKun9Y
S0uudrpz9oYyqCxhd5ScZmvbnMc	docx	核心日会群	2026-07-08 01:54	?from=vc_group_doc_link#doxcnkI1ljWFCxHpF0NnTqad8Pg	https://xiaopeng.feishu.cn/docx/S0uudrpz9oYyqCxhd5ScZmvbnMc
