2026-03-20 03:09	邓爽	text	@_all 3.27号，广州5楼，要搬到T2的3楼 （3.26号，广州4楼先搬），基本T2 3楼，就把原来广州ADC的人容纳了，且包含了座舱的同学
2026-03-20 03:10	邓爽	text	童老师说，是自己搬家
2026-03-27 01:56	高炳涛	merge_forward	<forwarded_messages> ⏎ [2026-03-27T01:46:41Z] Xianming Liu: ⏎     下周初我想在 610 发版结束以后，我们一起来 review 一下仿真的状态和下一步工作，做一个 brainstorming。不是汇报，也不是我说，是咱们一起讨论，把仿真主要的同学都叫上，再叫上苟哥和 hang 这些债主们哈哈 ⏎ </forwarded_messages>
2026-03-27 01:57	高炳涛	text	@徐林鵾 你先整理个大纲
2026-03-27 01:57	高炳涛	text	我周末改一下
2026-03-27 01:58	高炳涛	text	类似一个 回顾和展望
2026-03-27 02:02		system	高炳涛 invited 李坤 to the group. New members can view all chat history.
2026-03-27 02:02	高炳涛	text	@_all 热烈欢迎我们新同学 李坤 加入仿真部！
2026-03-27 02:05	高炳涛	text	李坤同学，浙大本科，新加坡国力大学电子工程博士，历任 阿里达摩院，酷睿城的感知负责人，具有丰富的理论和实战经验。
2026-03-27 02:05	高炳涛	text	以后主要 负责 仿真部算法组的工作
2026-03-27 02:06	李坤	text	@_all 大家好，我是新加入的算法同事李坤，很高兴加入小鹏大家庭。我过往专注在感知定位等算法领域，后续主要负责仿真算法的工作，期待和各位携手共进，请大家多多关照，谢谢！
2026-03-27 02:07	高炳涛	text	@李坤 这个群是仿真部的班委同学。
2026-03-27 02:07	高炳涛	text	下周你申请个出差，我们去广州去见一下他们
2026-03-30 04:39	邓爽	text	@李坤 到了广州，可以给我打电话，我们在T2的3楼，新搬的位置，有点绕
2026-03-30 04:41	李坤	text	@邓爽 好的[碰拳]
2026-03-30 04:42	邓爽	text	广州大暴雨，不知道你们的航班延误情况咋样
2026-03-30 04:42	李坤	text	5点的飞机已经推迟到了8点
2026-03-30 04:43	邓爽	text	广州已经积水了，有些路面跟瀑布一样
2026-03-30 04:44	李坤	text	那看来改签也一样
2026-03-30 04:45	邓爽	text	今日目标，平稳到达广州
2026-03-30 06:18	高炳涛	text	落地
2026-03-30 06:51	高炳涛	text	@所有人  hello，各位班委好，我们预计安排在4月2日本周四中午12:30-15:00进行Q1 OKR复盘&Q2 OKR对齐会，主要议程安排： ⏎ - 先明 Q1 OKR复盘-15min ⏎ - 各位班委 Q2 OKR目标陈述-10min/人 ⏎ - 先明 Q2 OKR目标补充及关键事项同步-15min ⏎ 以上为本次OKR复盘&对齐会安排，请各位班委关注并提前准备哈~
2026-03-30 07:46	高炳涛	text	座位在哪
2026-03-30 07:47	夏志勋	text	<p>@高炳涛 T2-3F-A32-1</p>
2026-03-30 07:48	夏志勋	text	4 号电梯上来
2026-03-30 10:01	李坤	text	改签了 刚落地 等下到工区~
2026-03-31 02:02	邓爽	text	@_all请大家今天(3.31)完成一下，Q1的OKR复盘哈。 ⏎ https://xiaopeng.feishu.cn/wiki/DvWzwKZdsiH8crkpT0KcufE5nuf
2026-03-31 09:18	高炳涛	text	今晚大家写完吧
2026-03-31 09:18	高炳涛	text	我明天改下
2026-03-31 09:19	高炳涛	text	@_all
2026-04-01 08:30	邓爽	text	<p>@_all 需要请今天下午先完成一版OKR（明天上午，中心开会会用），时间有点紧，辛苦大家！ （可以先给思维导图）</p><p>https://xiaopeng.feishu.cn/wiki/Dp7Ww4oIsiZxD6kUPPScV3QJnXd</p>
2026-04-03 04:37	邓爽	post	@高炳涛@徐林鵾 @夏志勋  **Q2：重点对外的要点** ⏎ 1. cost 函数应用，所有Metric  ⏎ 2. 关键帧评价(减掉delta) 严肃对外应用 ⏎ 3. RC长路线与闭环，必须上线
2026-04-03 10:42	高炳涛	text	https://xiaopeng.feishu.cn/wiki/Dp7Ww4oIsiZxD6kUPPScV3QJnXd
2026-04-03 10:43	高炳涛	text	凑了一个初版
2026-04-03 10:43	高炳涛	text	大家后面一周，可以在上面直接修改
2026-04-03 10:43	高炳涛	text	可能有遗漏的
2026-04-04 05:53	高炳涛	text	https://xiaopeng.feishu.cn/wiki/DvWzwKZdsiH8crkpT0KcufE5nuf
2026-04-04 05:54	高炳涛	text	@_all 我给了一版复盘反馈。
2026-04-04 05:54	高炳涛	text	整体 是反思为主，核心进步和优点，一带而过。
2026-04-04 05:54	高炳涛	text	所以语气和措辞 偏重了一些。
2026-04-04 05:55	高炳涛	text	有些可能信息差， 可能不是全是事实， 可以找我单独 纠正。
2026-04-05 07:51	高炳涛	post	**VLA量产评估24条铁律（综合终极版）** ⏎ **第一维度：核心哲学与战略定位（The Constitution）** ⏎ **这是评估体系的宪法，任何偏离都会导致算力灾难或安全事故** ⏎  ⏎ 1. **分工铁律**：开环做筛选，闭环做验证；开环看行为倾向，闭环看交互结果。这是不可动摇的第一原则。 ⏎ 2. **漏斗原则**：开环负责99%的无情淘汰，闭环负责1%的谨慎放行。优秀的开环不是为了选出最好的，而是为了把99%的垃圾版本挡在昂贵的闭环集群之外。 ⏎ 3. **价值定义**：开环决定了模型迭代的"速度"，闭环决定了量产上车的"生死"。速度慢了会被市场淘汰，安全错了会让公司破产。 ⏎ 4. **风险分级**：开环评估模型的"倾向性风险"，闭环评估模型的"实际后果风险"。两者结合才能形成完整的安全保障链。 ⏎ 5. **进化目标**：评估体系成熟度的唯一量化指标，是需要跑闭环的场景占比。终极目标是将其长期稳定在**3-8%**的最小必要区间，完全归零既不现实也不安全。 ⏎  ⏎ **第二维度：纯开环的绝对主场（Open-Loop Axioms）** ⏎ **这里的问题必须100%在开环解决，任何流入闭环的问题都是评测体系的失败** ⏎  ⏎ 6. **算力防线**：用闭环去测"画龙"和"顿挫"，是对仿真算力最不可原谅的犯罪。横向摇摆、纵向顿挫、物理不可行轨迹，必须在纯开环中被绞杀。 ⏎ 7. **照妖镜法则**：**前瞻目标点抖动（Lookahead Jitter）**是开环评估最锐利的武器。将相邻帧的0.5s/1.0s预测点统一到世界坐标系连线求导，任何规划不稳定都会原形毕露。 ⏎ 8. **轨迹族一致性**：不要只看单个时间步的抖动，要构建0.5s/1.0s/1.5s/2.0s四条执行轨迹组成的"轨迹族"。轨迹族之间的离散度，才是模型规划稳定性的终极指标。 ⏎ 9. **朝令夕改零容忍**：端到端模型的通病是缺乏记忆导致的决策闪烁。必须计算**等时对齐误差**和**路口意图跳变频率**，任何高频闪烁行为直接一票否决。 ⏎ 10. **物理硬约束**：所有违反物理定律的轨迹直接淘汰，无需任何讨论。硬约束包括：横向加速度<3m/s²、纵向加速度<4m/s²、横向Jerk<2m/s³、纵向Jerk<3m/s³、曲率变化率<0.5rad/s²。 ⏎ 11. **环境变化掩码**：必须区分"正常的规划调整"和"异常的规划闪烁"。只有当环境没有显著变化时，计算出的一致性指标才有效。 ⏎ 12. **定点化守门员**：模型定点化（FP16→INT8）带来的精度损失，必须在开环中逐帧级对比轨迹偏差、注意力分布及CCESN子指标。绝对不能把新量化的模型直接扔进闭环测接管率。 ⏎ 13. **饱和阈值机制**：开环得分不是越高越好。当舒适与合规指标达到物理阈值后（例如横向Jerk已小于1.0m/s³），额外的分数增益不再计入总分，彻底杜绝"刷分"行为。 ⏎  ⏎ **第三维度：纯闭环的不可替代性（Closed-Loop Axioms）** ⏎ **这里是开环的绝对禁区，任何试图用开环替代的行为都是自欺欺人** ⏎  ⏎ 14. **安全伪命题**：永远不要用开环成绩来证明"安全"。没有环境动态交互、没有误差累积的安全证明，全都是自欺欺人。 ⏎ 15. **蝴蝶效应**：闭环第10秒的致命碰撞，必然源于开环第1秒特征提取的微小撕裂。闭环的唯一意义，就是放大这些在开环中看似"无伤大雅"的微小偏差。 ⏎ 16. **时间尺度优势**：闭环是检测10秒以上长时序问题的唯一方法。开环只能看到当前帧和未来几帧的规划，无法预测长时间的误差累积效应。 ⏎ 17. **博弈绝对领域**：被加塞的连串反应、拥堵路口的相互试探、环岛的通行效率，这些涉及多智能体博弈的场景，开环毫无用武之地。 ⏎ 18. **调试禁忌**：闭环只能告诉你"出车祸了"，不能告诉你"为什么"。企图看着闭环视频直接修改模型架构或调参，无异于盲人摸象；必须立即回到开环做单帧的轨迹与特征重建。 ⏎  ⏎ **第四维度：VLA大模型的特有法则（VLA-Specific Rules）** ⏎ **这些是VLA区别于传统自动驾驶系统的独特评估要求** ⏎  ⏎ 19. **指令优于轨迹**：对于VLA模型，指令对齐先于轨迹对齐。如果输入"下个路口右转"Prompt，模型依然输出直行轨迹，该版本直接废弃，连开环常规测试都不配跑。 ⏎ 20. **动作幻觉最高危**：警惕VLA模型的"无中生有"。开环检测到无理由的急刹或闪避时，必须反向检查其Attention Map，由幻觉导致的动作干预属于最高级别的致命缺陷。 ⏎ 21. **多模态一致性**：VLA评估必须增加"语言-视觉-动作"三者之间的跨模态对齐指标。语言理解错误、视觉感知错误、动作执行错误，任何一个环节的断裂都会导致灾难性后果。 ⏎ 22. **人类基准黄金标准**：所有绝对阈值都是主观的，只有人类驾驶员的行为是客观的黄金标准。在相同场景下，VLA的行为与人类行为的相似度，是预测用户体验的最佳指标。 ⏎  ⏎ **第五维度：体系的运转与闭环反哺（The Flywheel）** ⏎ **评估体系不是静态的，它必须是一个持续进化的飞轮** ⏎  ⏎ 23. **测试左移铁律**：闭环发现的每一个新Bug，都必须转化为开环的一行新Metric代码。绝不允许同一个问题在同一个闭环场景中暴露两次。 ⏎ 24. **开闭环联动**：建立"开环风险高优放行机制"。如果开环测出模型在某类场景下的指标处于临界值，自动触发针对该场景的100倍强度闭环压力测试。 ⏎ 25. **体感校准循环**：**每季度**利用实车接管率（MPI）、干预里程及用户主观评分数据，重新拟合开环CCESN评分公式的权重。确保开环得分始终贴近真实世界的驾驶体验。 ⏎ 26. **可视化优先**：对于VLA的时序问题，可视化工具比任何数值指标都更有效。你必须能够同时看到原始规划轨迹、重建的执行轨迹、轨迹族、帧间差异热力图和注意力图。
2026-04-05 07:51	高炳涛	text	请大家对齐一下，不要在基本的认识上，产生分歧。
2026-04-07 10:29		system	Meeting has started. New messages will be synced in the group chat and in-meeting chat.
2026-04-07 10:29	高炳涛	video_chat	[Video call]
2026-04-07 11:42		system	
2026-04-07 11:46	cli_a6ba	text	https://xiaopeng.feishu.cn/docx/CYWxdSlPCoIS2pxOGhEc3culnEc?from=vc_group_doc_link#doxcnD2iMDb4oKyg0Kr5VrTtHHb
2026-04-07 16:18	邓爽	text	@高炳涛9000+ case 的场景分布  https://xiaopeng.feishu.cn/sheets/FFlxsRzzLhye3nthGLlcVzgDnac
2026-04-08 00:26	高炳涛	merge_forward	<forwarded_messages> ⏎ [2026-04-08T00:25:18Z] Lu Wang: ⏎     In regard to Claude AK provided by DIC, I may need your support on categorizing your team as： ⏎      ⏎     1. **Moderate/Professional User:** <u>~50,000–300,000 tokens per day </u>(frequent chat, document analysis, light coding). ⏎     2. **Heavy Developer/Power User:** <u>~300,000–2,000,000+ tokens per day </u>(intensive pair programming, large codebases). ⏎     3. **Agentic/Automated Workflows:** <u>~2,000,000–20,000,000+ tokens per day </u>(autonomous AI agents, complex research).  ⏎      ⏎     The estimation of total usage of tokens will give DIC some heads up about the service they would prepare for us. FYI, <u>OVERUSE of tokens for unnecessary projects is not recommended.</u> ⏎ [2026-04-08T00:25:39Z] Lu Wang: ⏎     炳涛老师您好～有一个事需要您这边的协助：DIC目前可以给GIC同学提供Claude AK协助研发提效，我这边在帮先明统计AI研发同学token的使用量。可以麻烦您今天按照上面的用量大概把仿真这边研发同学帮我归一下类吗？多少人属于1， 多少人属于2， 多少属于3. 感谢感谢 [愉快][抱拳] ⏎ </forwarded_messages>
2026-04-08 00:27	高炳涛	text	@徐林鵾 
2026-04-08 02:07	徐林鵾	text	@邓爽 @李坤 @赖西湖 @夏志勋 @颜国栋 @吴益民 做了个表格，大家根据组内情况填一下呢 https://xiaopeng.feishu.cn/wiki/AA0aw9tCaiYqMYkLP8tcSlu0nGb
2026-04-08 09:41	徐林鵾	post	@高炳涛 根据大家填的结果，统计如下 ⏎ ![Image](img_v3_0210i_58036cd7-0ce1-4f33-8045-7930de5199fg)
2026-04-08 09:42	ou_3ee0c	text	@徐林鵾 我第二列的数据有误，填的是1，我改一下
2026-04-08 09:42	ou_3ee0c	text	已更新
2026-04-08 09:43	徐林鵾	text	@颜国栋 上图也更新了
2026-04-09 04:36	徐林鵾	merge_forward	<forwarded_messages> ⏎ [2026-04-09T01:28:02Z] 徐林鵾: ⏎     [Image: img_v3_0210j_0b25c8f1-24d6-477c-9abd-05dd2cde52ag] ⏎ [2026-04-09T01:40:23Z] Lu Wang: ⏎     谢谢。Agentic这个档位的人数确定是这么多吗 比北美研发这边要多太多[冷汗] ⏎ [2026-04-09T01:40:44Z] Lu Wang: ⏎     不知道到时后可不可以包得住 ⏎ [2026-04-09T01:41:30Z] Lu Wang: ⏎     可能需要再衡量一下[抱拳] 如果可以归到2 尽量归到2 ⏎ [2026-04-09T04:22:31Z] Lu Wang: ⏎     你可以把以上8+17+51所有的详细的人名给@给我吗 感谢感谢 ⏎ [2026-04-09T04:23:46Z] 徐林鵾: ⏎     需要Agent的人数比较多，是因为我们这边准备用Agent来代替人工看票, ⏎ [2026-04-09T04:24:29Z] Lu Wang: ⏎     明白。主要是如果太多第三档的同学 不知道DIC那边可不可以包得住那么多token的用量 ⏎ [2026-04-09T04:25:37Z] 徐林鵾: ⏎     那我也适当的减少一些吧，你觉得减到多少会比较好谈呢？ ⏎ [2026-04-09T04:31:22Z] 徐林鵾: ⏎     另外DIC那边会提供一个大池子，大家在里面用，还是会按名单给每个同学来分配用量呢？ ⏎ [2026-04-09T04:31:24Z] Lu Wang: ⏎     如果大部分在第二档 比较好 ⏎ [2026-04-09T04:32:06Z] Lu Wang: ⏎     小部分确实需要的 在第三。其余在第一[愉快] ⏎ [2026-04-09T04:32:32Z] 徐林鵾: ⏎     如果是大池子，可以把第三档的人更多的压缩下 ⏎ [2026-04-09T04:33:17Z] Lu Wang: ⏎     每个人 ⏎ [2026-04-09T04:33:30Z] Lu Wang: ⏎     他们会监测到每个人的用量 ⏎ [2026-04-09T04:34:09Z] 徐林鵾: ⏎     了解了。我下午先内部同步下，把第三档的人数尽量压少一些，然后给出名单。 ⏎ [2026-04-09T04:34:28Z] 徐林鵾: ⏎     后续如果有需要，可以给个人开更高的档，对吧？ ⏎ [2026-04-09T04:35:06Z] Lu Wang: ⏎     对 ⏎ [2026-04-09T04:35:09Z] Lu Wang: ⏎     之后可以调整 ⏎ </forwarded_messages>
2026-04-09 04:42	徐林鵾	text	<p>@_all 确实需要重度用 agent 的才放到第三档，DIC会按每个人监控用量，需要精打细算。后面不够的同学可以再单独调整。</p><p>需要大家调整下人数，另外给一下每个档位的名单。</p><p>https://xiaopeng.feishu.cn/wiki/AA0aw9tCaiYqMYkLP8tcSlu0nGb  cc @高炳涛</p>
2026-04-09 12:13	高炳涛	post	**核心洞见八：语言指令是一段式VLA的唯一“显式锚点”** ⏎ 在纯视觉一段式VLA中，语言指令是唯一可被外部精确控制的输入信号，其余全是隐式视觉特征。指令理解的任何微小偏差，都会直接导致整个行为锚点的漂移——这是模块化系统没有的脆弱性。 ⏎ 铁律： ⏎ - 指令对齐是一票否决项，不达标直接熔断，不看其他指标。 ⏎ - 测试必须包含同义改写、噪声注入、冲突指令三重验证。
2026-04-09 12:14	高炳涛	text	我们没有测过 指令对齐相关的影响
2026-04-09 12:15	高炳涛	text	我们得研究一下 支持的指令，以及指令变化对结果的影响。
2026-04-09 12:15	高炳涛	text	@夏志勋
2026-04-12 02:38	高炳涛	text	https://xiaopeng.feishu.cn/wiki/OrSEwsAQgieGG8kfHxHcnH96nc9
2026-04-12 02:38	高炳涛	text	你们看看，提点comments
2026-04-16 07:05	徐林鵾	post	1. Xianming (刘鲜明) ⏎ Xianming 是本次会议中发言最多、对仿真体系提出最多系统性要求的核心决策者（代表模型研发及使用方）。 ⏎ 核心观点： ⏎ - “测试左移”是模型时代的必然： 过去规则时代的测试改动是确定性的（多用于后期 gating），但模型时代的改动是概率性的。仿真最大的作用是向左移，替模型提前做降险（derisking）和统计结果输出。 ⏎ - 仿真的三大底层逻辑： 加快仿真链路的效率、提升 Metrics 的准确度、增大测试里程。 ⏎ - 开闭环的选择取决于“场景类型”： 开闭环的分工不应按测试阶段划分，而是按 case 属性划分。长时序导航和交互强相关的必须用闭环，而加速安全等简单场景用开环即可。 ⏎ - 安全与舒适的“跷跷板效应”： 明确指出安全指标提升通常会导致舒适性下降（如产生更多急刹车），这属于客观规律，指标体系需要能合理反映并处理这种主次关系。 ⏎ - 平台化是唯一出路： 业务量激增不能靠堆人力（加班）解决，极度考验体系化能力。必须在“630”节点前优先解决平台化和工具链打通的问题，避免大量重复的人力劳动。 ⏎ 对仿真的要求： ⏎ - Q2 必须赢得 MLE（模型研发工程师）的信任： 这是最核心的痛点。仿真的场景覆盖度、Metrics 必须与实车测试（DT）结果对齐。实车上明显的体感（如帧间不一致导致的顿挫、抖动）仿真必须能反映出来，最终目标是让 MLE 敢于直接用仿真结果做决定。 ⏎ - 精细化、模板化管理测试集 (Testing Suite)： 放弃全量乱炖的评测方式。要求提供清晰的 filter 模板（如专门针对“不避让横穿 VRU”），让模型同学在不同版本对比时，输入条件保持绝对一致。 ⏎ - 基线/红线需多方对齐： 仿真的准入基线和一票否决的“红线”不能单方面决定，必须与模型、部署、应用等上下游团队充分对齐，达成共识。 ⏎ - 不能忽视回归测试 (Regression Testing)： 明确指出实车回归问题无法完全通过区间段切片测试发现，仿真必须配备长路线测试来防止新模型能力回退。 ⏎  ⏎ 2. Honggou (杨红狗 / 狗哥) ⏎ Honggou 在会议中主要针对测试 Case 的筛选效率和准确性提出了具体建议。 ⏎ 核心观点： ⏎ - 认同测试需要专项测试，但也明确强调回归测试同样必不可少，两者必须结合。 ⏎ - 目前完全依靠人工筛选 Case 放入 gating 区间太耗时且存在干扰项，流程亟需优化。 ⏎ 对仿真的要求： ⏎ - 引入 AI Agent 替代人工筛票： 强烈建议引入大模型或现有的 AI Agent（提及了成玉团队的“AI看票 agent”）来自动刷一遍 Case 或截图。用以替代人工寻找问题点，进行互相校验，从而明确 Case 的指向性并提升准确率。 ⏎ - 固定并优化 Gating 区间： 要求想办法把问题固定在特定的打点区间内，自动排除不相关的干扰项，减少耗时。 ⏎  ⏎ 3. Hang (Zhang Hang / 航哥) ⏎ 提取结果： 在本次提供的会议文字记录中，Zhang Hang 全程未发言。 ⏎ - 补充说明： 记录中高炳涛提到他“好像在另外一个会”，后续多位参会者（高炳涛、邓爽、Xianming）多次点名提到他，将他与“狗哥”并列视为仿真的核心使用方，并在会议结尾明确希望他会后看文档并提供 Comment（意见）。但在该截取时段内，他没有输出任何观点或要求。
2026-04-18 02:09	高炳涛	text	@_all 我们周末要选出本季度top10的任务
2026-04-18 02:10	高炳涛	text	大家各自从自己组里选3~5个候选任务
2026-04-18 02:11	高炳涛	text	我们后面 日会和周会就只过top10任务，其它组内跟踪。
2026-04-18 02:23	高炳涛	text	Q2 Top 10 重点任务 ⏎ 1. 补齐高价值场景资产 ⏎ RC 精品路线、长里程连续场景、闭环 3DGS 场景和问题集。 ⏎ 2. 围绕关键问题建设数据集 ⏎ 从“按场景组织”走向“按问题沉淀”，形成稳定的问题集与专项集。 ⏎ 3. 提升真值与标签质量 ⏎ 提升准确性和一致性，降低评测噪声。 ⏎ 4. 完善问题—场景—指标映射 ⏎ 让不同问题使用匹配的评测指标，减少评测失真。 ⏎ 5. 优化纯视觉 3DGS 训练效率 ⏎ 缩短训练周期，提升问题复现与版本迭代效率。 ⏎ 6. 提升复杂场景复现率 ⏎ 提升视觉、时序和行为一致性，增强闭环输入可信度。 ⏎ 7. 提升场景评测可用性 ⏎ 固化场景版本与回放配置，形成稳定可复现的评测场景集合。 ⏎ 8. 闭环仿真体系工程化落地（重点） ⏎ 基于台架打通 HIL + 3DGS + 模型链路，使闭环从“补充验证”走向“关键验证手段”。 ⏎ 9. 评估体系重构：规则指标优化 + Agent评估探索（重点） ⏎ 优化现有 metric 稳定性，同时探索基于 Agent 的评估方式，提升对复杂行为与过程的刻画能力。 ⏎ 10. 初步建立开闭环结合的准入流程与门禁能力 ⏎ 构建“开环筛查 + 闭环验证”的基础准入链路，使评测结果开始具备版本流转中的门禁作用。 ⏎ 一句话总结（可选放页脚） ⏎ Q2 核心：补数据、提效率、用好闭环，让评测开始参与准入决策。
2026-04-18 02:23	高炳涛	text	这是我根据上次汇报内容提炼的10条
2026-04-18 02:23	高炳涛	text	你们补充
2026-04-18 02:36		system	高炳涛 invited 张驰 to the group. New members can view all chat history.
2026-04-18 02:36	高炳涛	text	<p>@吴益民 扬州也提一两个跟踪任务吧</p>
2026-04-18 02:38	高炳涛	text	@赖西湖 @徐林鵾 你们补一下平台以及引擎 相关的任务
2026-04-18 03:15	徐林鵾	post	@高炳涛 我先补充一些，有的可以和上面的整合下。引擎部分@赖西湖 补充 ⏎ - 仿真云端、XTest链路稳定性与吞吐量 ⏎ 链路压测，设立系统各环节吞吐量目标值，据此合理分配各环节资源和带宽，优化告警机制，减少链路卡顿对业务方的影响 ⏎ - Eval_suite建设与全流程版本管理 ⏎ 建立全流程版本管理，包括 场景集、评估软件版本、页面配置等，使场景集和metric更新流程化、常态化 ⏎ - XTest台架集群功能拓展 ⏎ 和上面第8点关联，和HIL团队合作，使用XTest任务调度能力规模化运行HIL仿真 ⏎ - 归一化分数与实车对齐完善，找到每个问题的准入红线 ⏎ 推动TC等持续维护实车体感真值、优化归一化分数映射算法，设立红线机制，使仿真结果可以一票否决 ⏎ - 问题集case截断落地并自动化 ⏎ 先开环，再闭环，大幅度优化仿真效率，减少非问题时间段对评估结果的干扰
2026-04-18 03:26	吴益民	text	@高炳涛列了一些， ⏎  仿真重点任务跟踪（提升数据质量，与业务覆盖度） ⏎ 1、配合完成CCESN Metric 回归测试集的标注（1批，5000+） ⏎ 2、配合完成3DGS长里程测试验证通过8000+km生产 ⏎ 3、配合完善FM场景集构建，涵盖行车、高速、园区与robotaxi ⏎ 时空重点任务跟踪：（重点零批量质量事故、降本增效、资质升级） ⏎ 1、业务图层持续下架（charge、策略点、历史轨迹、毛毛虫路网） ⏎ 2、时空云服务资源持续优化，26年目标预算从800+精简至650万 ⏎ 3、数据发版的全链路的自动化流程 ⏎ 4、现有资质复审换证，三乙升甲级完成所有准备工作，确保人员、设备、系统、项目记录等各项资料
2026-04-18 06:01	赖西湖	post	@高炳涛 引擎部分重点任务: ⏎ 1. AI agent开发，与平台协同开发仿真业务急需提效的AI agent ⏎ 2. Smart agent，完成基础框架开发，支持非交互式与交互式两种agent编排，支持参数化泛化修改agent速度距离朝向等，探索在业务中碰撞(cutin)一类问题集的泛化应用 ⏎ 3. 支持HIL跑起来，提供perfect controller独立运行模块 ⏎ 4. cces上车与左移, 重点在架构与接口开发，完成车上模块的架构设计与交付，与mle合作在训练中跑通cces某些类别metrics的评测 ⏎ 另，可能有xtest承接相关工作。
2026-04-18 08:59	夏志勋	text	<p>@高炳涛 评估开发组最重要的两件事——</p><p>1）CCESN Metric 准确率和稳定性提升 ：每个metric准备帧级真值的测试集（扬州支持），结合测试集和AI review完成问题全面梳理和改进。</p><p>2）AI 驱动代码重构 ：基于新框架重构CCESN metric，强制 AI 代码审查，交付高扩展、低耦合、多平台支持的 SDK 软件。</p><p></p><p>另外，归一化代价指数（soft cost）四月内刷完开环 metric，可不列讨论项</p>
2026-04-18 11:38	邓爽	text	@_all 我统一收集一下
2026-04-19 13:31	邓爽	post	@高炳涛 先放这里哈，明天再把信息整合一下 ⏎ ![Image](img_v3_0210t_6faa98a8-b36b-4756-9863-e3a8d9989f2g) ⏎  ⏎ [https://xiaopeng.feishu.cn/wiki/DKjDwTYULiJt7eknboicLXVun8c](https://xiaopeng.feishu.cn/wiki/DKjDwTYULiJt7eknboicLXVun8c) ⏎ cc：<at user_id="all"></at>
2026-04-20 01:15	高炳涛	text	@_all
2026-04-20 01:16	高炳涛	text	从今天起开始跟踪 TOP10
2026-04-20 01:16	高炳涛	text	9:30 开始会议
2026-04-20 03:47	高炳涛	image	[Image: img_v3_0210u_7a318790-ff27-4efd-b1db-28610d105a4g]
2026-04-20 03:47	高炳涛	text	@_all  请大家 补充4,5,6的 分阶段目标
2026-04-20 03:48	高炳涛	text	主责方先填写
2026-04-20 07:29	高炳涛	text	https://xiaopeng.feishu.cn/wiki/SitYwe48ZiXTzTk3WCCcNADWnKd
2026-04-20 07:29	高炳涛	text	单独提出到一个飞书文档。
2026-04-20 09:13	高炳涛	text	问下，我们闭环SIL 目前还有哪些环节不能自动化的吗？
2026-04-20 09:18	高炳涛	text	明天早上，@邓爽 @夏志勋 @李坤 你们先理一下目前四大核心任务，在四月底之前的主要交付物或者障碍项。尤其是和其他团队高度耦合的支援项。
2026-04-20 09:19	高炳涛	text	把这些工作先识别出来，后面我们日会可以重点跟踪一下，这些问题的解决进展。
2026-04-20 12:25	李坤	text	@_all 我拆了一下闭环的目标，大家可以看下是否合适，可以在表格里面直接修改https://xiaopeng.feishu.cn/wiki/SBUYwm8Lri9aJ6kmexFcBAuGnlh，cc @高炳涛
2026-04-21 04:02	徐林鵾	post	@高炳涛 和@张驰 @赖西湖 讨论的： ⏎ - [https://xiaopeng.feishu.cn/wiki/C1YYwH8zziQifgkk9sxcB2Din1e](https://xiaopeng.feishu.cn/wiki/C1YYwH8zziQifgkk9sxcB2Din1e) ⏎ - [https://xiaopeng.feishu.cn/wiki/RkHIwGL5NirXvVkdbRmcAnyunKf](https://xiaopeng.feishu.cn/wiki/RkHIwGL5NirXvVkdbRmcAnyunKf) 初拍5月中旬完成链路打通，本周@赖西湖 @张驰 @陈松 会密集讨论设计方案和 ETA
2026-04-21 08:07	高炳涛	text	https://xiaopeng.feishu.cn/wiki/SwotwdmZGiF08Akjywdc9pvPnNh
2026-04-21 08:08	高炳涛	text	@_all 我有意把这个也加入我们Q2的核心任务
2026-04-21 08:09	高炳涛	text	你们看看Q2 到底能落地哪些？
2026-04-21 08:09	高炳涛	text	AI agent 主要是帮我们提升自动化，提升工作效率。尤其是一线业务。
2026-04-21 08:09	高炳涛	text	请大家给意见
2026-04-21 08:11	高炳涛	text	@赖西湖 你们组也内部分析一下，看能不能接？
2026-04-21 08:39	高炳涛	merge_forward	<forwarded_messages> ⏎ [2026-04-21T08:30:54Z] Xianming Liu: ⏎     兄弟们，今天我会上没好意思喷，大家已经很辛苦了，我实在不忍心。但是还是最近觉得我们漏洞有点多，不管是测试还是仿真，其实都没有提供足够多的信息，反而噪音有点大 ⏎     1. 昨天的 B4 的路书，描述和票不太对得上，不是说贴错票了，而是对问题的描述都不太对，而且情况没有那么严重，导致直接误判。如果好奇可以看看那些 G01 的票，误导性还是很强的 ⏎     2. 测试用错版本，导致结论不可信，浪费了不少时间来 debug，这都不应该出现 ⏎     3. 为什么一个测试的 Jira 都没有准确信息来明确模型版本呢？简单的 log 都没有搞定，再加上不确定的模型，这样就很容易出问题 ⏎     4. 仿真的指标体系还是很乱，哪怕是沿用之前的加权分也还好，但是现在这个确实看不懂，而且也不可比。基本这不是给 MLE 来用的，只有仿真自己的同学能看懂，甚至是也会觉得解释不清楚？ ⏎     在会上我已经听出来于涛被我问的有点情绪绷不住了，我就没有继续追下去反而开始打圆场。但是咱们是 lead 说话就不客气了。这些测试和仿真有点不像是已经迭代了一个季度的，并且能发出去版本的团队该有的 ⏎ [2026-04-21T08:32:18Z] Xianming Liu: ⏎     这个事情不是一天能解决完的，但是想给我们自己提个醒，也让我们自己意识到问题，我们真的在这一点上，离一个顶尖的团队差距还不小，这样犯错的话，我们的迭代速度可能起不来 ⏎ [2026-04-21T08:36:57Z] 杨红苟: ⏎     @Xianming Liu 版本显示问题我去追一下，我也是今天知道这个地方说不准。 @蒋少峰 测试的问题你和Eden，DRE拉一下，看看流程哪里出问题了。 ⏎ [2026-04-21T08:37:18Z] 蒋少峰: ⏎     先明，收到，这些问题我们对下。 ⏎ [2026-04-21T08:37:23Z] Xianming Liu: ⏎     发完了脾气睡觉去了[捂脸][呲牙]要不睡不着 ⏎      ⏎     这个事也不是一天两天能解决，大家都想想咱们哪有可以提升的地方，如果需要时间的话看看怎么能拉开节奏。最近又有同学身体出了问题，我开始越来越觉得我们这么靠堆人靠硬拼下去，就算我们做出来了，可是咱们的同学们都倒了，有什么意义呢？国内已经很久没放过假了，还是希望我们做的不是那种靠把人填到坑里那种不计成本的事情。请大家谅解我发脾气 ⏎ [2026-04-21T08:37:44Z] 高炳涛: ⏎     先明，仿真的问题我去查，无论如何我们在q2需要一个显著的提升。目前仿真业务已经处于崩溃边缘，我最近在推动其它部门去加强后勤保障的能力，尤其是自动化和工具部分，帮助仿真业务减负。其它部分在上次的汇报上已经提了，我希望也能够快速在前端输出上能够提现。 ⏎ [2026-04-21T08:39:10Z] Xianming Liu: ⏎     谢谢，那我真的去睡觉了。你们也关心一下同学，感觉大家最近都情绪都不太对，这种节奏持续下去，大家都扛不住 ⏎ </forwarded_messages>
2026-04-21 08:42	邓爽	text	<p>@高炳涛 今天会上，给了V3版本(场景集)的cost指标，但是没有经过严格验证，拿到会上去讲了，造成了困扰，是我们的问题</p>
2026-04-22 01:41	徐林鵾	text	@高炳涛 昨天会议 https://xiaopeng.feishu.cn/docx/AoSedY9cMoyoXMxZay5cgd43nkh
2026-04-22 02:18	高炳涛	image	[Image: img_v3_02110_b3716061-26fb-4012-8d5d-00f9cbb98a8g]
2026-04-22 02:18	高炳涛	text	@夏志勋 @邓爽 为啥还留这个东西呢？
2026-04-22 02:20	邓爽	text	@高炳涛 当时说的，把几种归一化方式都留着，MLE想看哪种选哪种
2026-04-22 02:21	高炳涛	text	把这个删掉
2026-04-22 02:21	夏志勋	text	@高炳涛 这个不是用于 metric cost 的归一化
2026-04-22 02:21	高炳涛	text	这个是算分数吗？
2026-04-22 02:21	邓爽	text	@高炳涛 是的
2026-04-22 07:15	高炳涛	post	**一、已经基本拍板的决议** ⏎ 1. **620阶段先“仿真+实测同步跑”，不立刻强制仿真前置。** ⏎ 原因很现实：当前节奏太紧，版本出来晚的话，再等仿真会错过当天 DT 窗口，所以 620 周期内先同步推进，更像“攒信用、建信任”的过渡阶段。 ⏎ 2. **从 630 开始，切到“仿真优先”。** ⏎ 会上已经明确到时间点：**620结束，630开始，原则上先跑完仿真，再决定是否做 DT**；甚至表述到了“**不跑仿真，一概不做 DT**”的强口径。这个是最硬的一条。 ⏎ 3. **620阶段仿真工作的主线，先聚焦“专项专测 / 问题集”，泛化测试先弱化。** ⏎ 会议里形成了比较明确的基调：短期先不要再指望泛化测试去给综合排名结论，而是**把重点放在专项专测、问题集、定向 metric 上**，优先用它建立仿真和实测的一致性与信任。 ⏎ 4. **专项专测将逐步替代泛化测试，成为主通道。** ⏎ 高老师明确表达了希望：**逐渐把泛化测试干掉**，因为“1万个 case × 80个 metric”噪音太大、无效组合太多；后续转向问题集、定向指标、最小样本量约束的专项专测体系。 ⏎ 5. **重点版本要做“仿真—实测校核”，用来建立信用。** ⏎ 不是每个版本都做，但对一些**重点版本**，要优先看仿真结果，并拿**北上广全车型覆盖、测试较充分的版本**做校核，逐步证明仿真和实测能对上。 ⏎ **二、配套落地动作** ⏎ 6. **版本信息要收紧流程，避免“测错版本”。** ⏎ 已经明确几件事： ⏎ - 测试时要用 **xtool 读模型版本号**； ⏎ - **读不到或读错，测试有权要求复测**； ⏎ - 当前 xtool / 车端 APK 读版本存在 bug，要修； ⏎ - 模型命名要更规范，减少模板残留、命名对不上号的问题。 ⏎ 这部分本质上是在给仿真和实测结论“保真”。 ⏎ 7. **Webviz 增加版本号显示。** ⏎ 这是会上的明确 TODO，目的就是让大家在看 case / 票时，能更直接看到当前对应的模型版本，减少来回跳系统确认的成本。 ⏎ 8. **建立专项专测的反馈机制。** ⏎ 会上建议从专项开始，让大家持续反馈不合理项，并通过**问卷/文档**集中收集，短时间内把明显不合理的 case 和 metric 清掉，让大家先“能用起来、信起来”。 ⏎ **三、偏“方向性”的共识，不算最终制度，但基本达成一致** ⏎ 9. **指标体系要更可解释，而不是更复杂。** ⏎ 会上比较一致的意见是：分数要归一到固定区间（如 0~1 / 0~100），别再用难理解的正负值和复杂归一化；同时只突出 **TOP 问题、显著变化、统计显著项**，不要再把大量弱变化一股脑摊给研发。 ⏎ 10. **仿真的近期目标不是“完美”，而是先建立研发信任。** ⏎ 也就是：先做到“信号明确、结论能解释、能和体感对上”，让研发愿意先看仿真，再谈更大的综合评分和全面替代。 ⏎ 如果你要，我可以继续把这份内容再压成一版更像会议纪要里的标题式结论，比如： ⏎ **仿真相关决议（最终版）** ⏎ - 620阶段：仿真与实测同步推进 ⏎ - 630开始：全面切换仿真优先 ⏎ - 研发重点：专项专测优先，泛化测试弱化 ⏎ - 重点版本：建立仿真—实测校核机制 ⏎ - 流程治理：版本号核验、Webviz 展示、反馈闭环建设
2026-04-22 07:15	高炳涛	text	@_all
2026-04-22 07:18	高炳涛	image	[Image: img_v3_02110_c70b5fd8-1e65-4b9e-95de-a350ec89f4eg]
2026-04-22 07:22	邓爽	text	@高炳涛 5.18，620，全量发布
2026-04-22 07:24	邓爽	text	留给我们的时间，差不多3周
2026-04-22 07:26	高炳涛	text	后面泛化不要做了
2026-04-22 07:26	高炳涛	text	全力去冲 专项专测
2026-04-22 07:27	高炳涛	text	@李坤  需要做一个实验， 将现有一个车型的数据转成3dgs，然后生成新车型的数据，看看能否得到和真实数据一样的结论。
2026-04-22 07:27		system	Meeting has started. New messages will be synced in the group chat and in-meeting chat.
2026-04-22 07:27	高炳涛	video_chat	[Video call]
2026-04-22 08:23		system	
2026-04-22 08:26	cli_a6ba	text	https://xiaopeng.feishu.cn/docx/WqKOdNATuoNEZUxIwQNctizTnHK?from=vc_group_doc_link#doxcnEtZ1Sm8h08ap5VPGetbXDh
2026-04-22 08:50	高炳涛	text	高老师，630要上线的舱驾一体语音控车功能同时涉及到XPU、CDCU、VLMU，仿真的责任归属这块你怎么看
2026-04-22 08:51	高炳涛	text	我们这个接吗?
2026-04-22 08:51	高炳涛	text	这玩意儿是不是只能 跑HIL 了？
2026-04-22 08:52	高炳涛	text	@张驰
2026-04-22 08:52	高炳涛	text	如果可以，这个可以是 你们组以后的发展方向
2026-04-22 08:53	张驰	text	@高炳涛 是的，可以跑在HIL上
2026-04-22 08:53	高炳涛	text	不是 可以，是不是只能 跑在HIL 上
2026-04-22 08:57	张驰	text	@高炳涛 当前我们已经在接手部分VLMU的测试了。包括性能测试部分已经接入了VLMU的硬件。 ⏎  ⏎ 这个我可以和谁对接一下，具体的需求。
2026-04-22 08:58	高炳涛	text	你找下培义
2026-04-22 08:59	高炳涛	text	如果能把这个任务拿下来，你们可以再招几个人了。
2026-04-22 09:00	张驰	text	@高炳涛 好的，我先和培义对齐一下需求。
2026-04-22 09:00	高炳涛	text	VLMU 是啥硬件啊
2026-04-22 09:00	高炳涛	text	不是 xp5吗？
2026-04-22 09:01	张驰	text	@高炳涛 也是XP5，之前是智能座舱的硬件
2026-04-22 11:06	徐林鵾	post	@高炳涛 要达到红框里的，开环做不到，得用闭环 ⏎ ![Image](img_v3_02110_e1c987be-282e-4632-8b75-4f055834afag) ⏎  ⏎ 另外WebViz显示模型版本号让@李一奇 开始做了
2026-04-23 02:15	高炳涛	text	@李坤  优先级： ① 10个闭环问题集+SIL  ② 开环车型泛化实验 + SIL  ③ RC 1000公里+ HIL
2026-04-23 02:15	高炳涛	text	@邓爽 你也看一下
2026-04-23 02:31	高炳涛	text	@邓爽 你定一下 Q2 PAT 专项集 需要完成数量和规模
2026-04-23 02:31	高炳涛	text	中间我先拍10个是闭环
2026-04-23 02:32	高炳涛	text	@夏志勋 你需要定下 需要多少 PAT 简易metric需要支持
2026-04-23 03:04	高炳涛	merge_forward	<forwarded_messages> ⏎ [2026-04-23T02:25:23Z] 童伟: ⏎     @高炳涛 个别单点同学，我们争取特殊激励下 ⏎ [2026-04-23T02:25:32Z] 童伟: ⏎     我在做方案申请 ⏎ [2026-04-23T02:25:45Z] 高炳涛: ⏎     都累得不行了 ⏎ [2026-04-23T02:25:50Z] 童伟: ⏎     是的 ⏎ </forwarded_messages>
2026-04-23 03:25	徐林鵾	text	@李坤 data pipeline改动，后面 topic 信息不放 dat 文件了，会改成 lance，也去掉了切分逻辑，3DGS生产链路可能需要有相应适配。 ⏎ 仿真链路本身也要适配，可以先和 @赖西湖 一起对一下
2026-04-23 03:26	李坤	text	@徐林鵾 了解，要不@赖西湖 这个修改拉着我们相关方一起评估一下吧~
2026-04-23 03:56	赖西湖	text	@李坤 3dgs生产有影响，但不大。只是流程上的。3dgs生产不需要播放数据，可以直接读lance。3dgs生产现在已经在用ucp流程了对吧
2026-04-23 04:04	李坤	text	@赖西湖 还没用ucp
2026-04-23 04:05	李坤	text	@赖西湖 下午拉个小会聊下吧
2026-04-24 01:00	邓爽	merge_forward	<forwarded_messages> ⏎ [2026-04-23T23:48:18Z] Xianming Liu: ⏎     @_all 请大家所有人和团队的同学明确关于我们和外部供应商/团队之间的敏感信息分享。 ⏎     我们从年初的预算泄露，到算力需求、存储需求，甚至是很多数据存储方案、模型训练方案都出现了一定程度的泄露，导致我们在很多谈判和定价上都出现了很被动的情况。同时，随着 VLA 的上线，世界模型的发布，新车型的发布，以及对于舱驾联动的研发进程，也一定存在一定程度的泄露风险。 ⏎      ⏎     我们目前在北京、广州和上海的办公室都不是严格限制物理范围的，所以请大家一定和团队明确我们需要对我们内部的信息保密，即使是外部的合作伙伴，也要严格限制信息分享。比如，对于任何“xxx 让我和你确认一下” 或者 “xxx 说你目前有一个问题需要我们帮忙” 之类的问题，一定要选择先拒绝，再和上级确认，和当事人确认，再讨论的方式。这里 xxx 可以换成任何 GIC 的班委，包括我，也包括公司的其他部门 / 中心负责人。 ⏎      ⏎     更具体的说，我们和阿里是紧密的战略合作，但是不是同一家公司，不是同一个团队。意味着我们的信息是不应该被分享的。 ⏎     另外，因为大家在同一个办公室办公，也有很多外部供应商或者访客是不受限制的，所以一定要平时注意锁屏，不要随意把电脑屏幕常亮打开。如果下次我在办公室看到同学们的电脑在无人看管的情况下没有锁屏，就会玩“screen jacking”的游戏，比如用他/她的飞书在中心大群里面发一些让人意想不到的信息，来提醒大家要注意信息安全。 ⏎ [2026-04-24T00:57:13Z] 童伟: ⏎     请干部同学们，不晚于下周一前，完成组内的保密宣贯。 ⏎     对于查实的泄密事件，HR侧的建议是从严从重处罚和公告 ⏎ </forwarded_messages>
2026-04-24 01:02	邓爽	text	信息保密，屏幕锁屏
2026-05-06 02:11	邓爽	text	@_all 请大家5.10号前，填写一下 4月月度的OKR进展 ⏎ https://xiaopeng.feishu.cn/wiki/FNo6wIKWmiog5JkNCRmcKYgDnCe
2026-05-08 06:08	高炳涛	text	@_all 把PDCA 尽快填一下
2026-05-08 06:08	高炳涛	text	我三点半和先明有个1-1
2026-05-08 06:33	邓爽	post	<at user_id="all"></at> 大家PDCA的文档，需要更新一下进展和分数。 ⏎ ![Image](img_v3_0211g_182df115-eed7-4df4-9d5b-aac17b625c4g)
2026-05-13 02:11	李坤	post	@所有人 [https://socheap.ai/register?code=6350639ca5c887a19c4be39089762ad5](https://socheap.ai/register?code=6350639ca5c887a19c4be39089762ad5) 我有个朋友在做这个token的平台，可以拿到价格比较低的token，最低的codex可以到8%，而且有稳定性保障，大家可以试试，我试了codex+chatgpt5.4/5.5都是稳定的。 ⏎ ![Image](img_v3_0211l_64c21bea-227b-487f-80a5-aff73a2da1eg) ⏎ ![Image](img_v3_0211l_06829a35-b19f-4e06-b13d-2f8671e7edcg)
2026-05-13 02:12	李坤	text	@高炳涛 高老师这个
2026-05-13 02:13	高炳涛	text	这个好
2026-05-13 03:10	高炳涛	merge_forward	<forwarded_messages> ⏎ [2026-05-13T03:05:51Z] 高炳涛: ⏎     <forwarded_messages> ⏎     [2026-05-12T08:03:15Z] 童伟: ⏎         下半场的部分，先明提议是聊下仿真的年度规划，看下目标、现状、风险、需求 ⏎     [2026-05-12T08:03:30Z] 童伟: ⏎         对，我感觉得有个材料吧 ⏎     </forwarded_messages> ⏎ [2026-05-13T03:06:45Z] 高炳涛: ⏎     [Image: img_v3_0211l_aed6c76e-a41b-47bd-a2c6-23621b06521g] ⏎ </forwarded_messages>
2026-05-13 03:10	高炳涛	text	@_all 各位，今天帮我准备一个草稿
2026-05-13 03:10	高炳涛	text	我周四，周五花时间来写一下。
2026-05-13 03:10	高炳涛	text	你们先从各自部门的角度 准备一下
2026-05-13 03:11	高炳涛	text	@邓爽 帮忙列个大纲
2026-05-13 03:50	高炳涛	text	或者让 伯民和开拓 帮忙弄一下
2026-05-15 12:59	高炳涛	text	https://applink.feishu.cn/client/message/link/open?token=Ama7P8JmAMABagcV4UlBzMo%3D雪智同意转过来。后面需要大家一起来给他一些空间和方向
2026-05-15 13:00	高炳涛	text	雪智 同意过来了
2026-05-18 09:21	邓爽	image	[Image: img_v3_0211q_532679d2-d379-4604-a4f2-e6d27d19dd4g]
2026-05-18 10:25	高炳涛	image	[Image: img_v3_0211q_3654a769-4574-48db-a21a-b04eceba974g]
2026-05-18 10:25	高炳涛	text	@吴益民
2026-05-18 10:25	高炳涛	text	这个人有必要给权限吗
2026-05-18 10:34	吴益民	text	<p>@高炳涛 bingtao，周晓辉在参与仿真生产，权限还是要给他开通，不然看不了jira。</p>
2026-05-22 03:04	徐林鵾	post	<at user_id="all"></at> 年中预算调整开始了，如果有增减需求麻烦来找下我 ⏎ ![Image](img_v3_0211u_6a9bac6d-9138-4cd0-9fea-e99e70aaca0g)
2026-05-29 08:41	邓爽	text	@_all 大家可以陆续开始总结一下5月的月度OKR PDCA文档。 ⏎ https://xiaopeng.feishu.cn/wiki/MvBdwdiHsiVCDzkFoVUc4iqCn0f ⏎ cc:@高炳涛
2026-06-02 06:28	邓爽	text	<p>@夏志勋 @李坤 @徐林鵾 这周五汇报的主要内容，我们先按照先明上一次给的重点来准备哈，我们今天和明天，完成吧，周四请@高炳涛 review</p><p>https://xiaopeng.feishu.cn/wiki/Pz0pw4xODifpb7kEfJhc5n76nWc</p><p>cc:@_all</p>
2026-06-02 07:14	高炳涛	text	@邓爽  你让伯民他们俩帮忙跟一下
2026-06-04 03:46	高炳涛	text	下午一点半来对一下吧，下午四点这边就团建去了
2026-06-04 03:47	高炳涛	text	@_all
2026-06-04 03:57	邓爽	text	@高炳涛 1点30，我和几个同学，跟vla 模型同学有一个会议，讲最近仿真的进展。要不2点30到3点？
2026-06-04 03:57	邓爽	text	https://xiaopeng.feishu.cn/wiki/Pz0pw4xODifpb7kEfJhc5n76nWc
2026-06-04 03:57	邓爽	text	文档内容，我们在补充一下 [捂脸]
2026-06-04 04:01	高炳涛	text	好
2026-06-08 10:23	高炳涛	post	**本次PDCA会议将在6月10日 (周三) 10:30 - 12:00进行，请各位班委关注：** ⏎ **1、26年HC review本周需要提交部门数据**，请各位主管留意。需中心层面讨论和确认的项目、能力、协同等的人力投入，可在会上提出 ⏎ 2、倒计时3天，GIC PDCA整体进度65%（CN+US），**请及时完成PDCA并督促团队干部们一并完成哈** ⏎ ![Image](img_v3_0212f_cfe85a19-c059-4107-8669-5c26b3c9f31g)
2026-06-09 08:23	高炳涛	text	https://xiaopeng.feishu.cn/wiki/YrlRwtI81i1lfLkxEZMcUoc2n2b
2026-06-09 14:22	邓爽	text	@_all 给到通用智能中心-项目与质量管理部-质量管理组-研发质量组 的负责人，对于我们部门的一些介绍和小组职责分工，大家可以看看，描述准不准确或者是否需要补充 （我写了初稿，gemini发挥了一下），主要是用于写  GIC中心的研发质量的一个管理流程文档。 ⏎ https://xiaopeng.feishu.cn/wiki/ZIRNwpAvBiPEPIkbiRpcaxMlnag ⏎ cc @高炳涛
2026-06-09 14:53	张驰	text	@邓爽 可以直接在上面改吗？现在有些业务已经剥离出去了，这里还是硬件组之前的业务。
2026-06-09 14:54	邓爽	text	@张驰 可以的，驰哥
2026-06-15 01:29	邓爽	post	@高炳涛 炳涛，这周国内端午节放假，给xianming的双周会，改时间吗？ ⏎ ![Image](img_v3_0212m_1eb982ac-20a8-442b-8345-9aab2408c95g) ⏎ ![Image](img_v3_0212m_92fed65f-c86e-4943-8915-7da4dfe3e02g)
2026-06-15 02:07	高炳涛	text	你问下他助理
2026-06-15 02:07	高炳涛	text	不行就下周
2026-06-15 02:12	邓爽	text	@高炳涛 好
2026-06-15 03:46	邓爽	text	@高炳涛 改到本周三11:00-12:00汇报，今天大家需要准备一下材料。https://xiaopeng.feishu.cn/wiki/YsEkwaS2ZifRQKkO451cGiwVnpc ⏎ cc@_all
2026-06-15 03:46	高炳涛	text	改到周三了
2026-06-15 03:46	邓爽	text	嗯，助理跟xianming确认的时间，周三
2026-06-16 01:34		system	徐林鵾 invited 杨雪智 to the group. New members can view all chat history.
2026-06-23 07:14	邓爽	post	@徐林鵾 鵾总，GIC群里发的ai申请，这个会占用部门的预算吗？ ⏎ ![Image](img_v3_0212u_323e192b-6c42-479e-91dd-8ecc515c741g)
2026-06-23 07:14	邓爽	text	已经有同学在申请了
2026-06-23 07:14	邓爽	text	月度1000，2400
2026-06-23 07:18	徐林鵾	text	@邓爽 用的是 GIC 中心的预算，@Lu Wang 申报的钱
2026-06-23 07:19	邓爽	text	那我把同学们的申请处理一下
2026-06-24 08:04	邓爽	post	@高炳涛 中心的项目部在拟定 功能开发的管理办法 [https://xiaopeng.feishu.cn/wiki/BduvwHKddiBzBek0drVcRS5anqb](https://xiaopeng.feishu.cn/wiki/BduvwHKddiBzBek0drVcRS5anqb)， 复核了一下仿真部相关的职责，预计下周会发起公司级的意见收集，通过后，作为正式流程运行。 ⏎  ⏎ ![Image](img_v3_0212v_b949d181-befc-4c16-9b93-a187a276203g) ⏎  ⏎ ![Image](img_v3_0212v_2ff06b12-79a5-4010-be55-c30f32b9f40g) ⏎  ⏎  ⏎  ⏎ ![Image](img_v3_0212v_28896fda-f5ed-4669-abb1-9e5dd1ca53ag) ⏎ cc <at user_id="all"></at>
2026-06-24 12:47	徐林鵾	post	![Image](img_v3_0212v_2c096be0-5201-4115-8c43-b3079e1fa5eg) ⏎ @邓爽 @李坤 用户车的车衣
2026-06-25 03:53	高炳涛	post	这份关于 **XOS620智驾用户洞察（基于全量三周数据）** 的报告，主要评估了新版本（620）对比上一版本（610）在安全、体验、渗透率及客诉等维度的表现。 ⏎ 以下是该报告的概要和小节拆解： ⏎ **核心摘要 (Summary)** ⏎ **核心结论：安全显著改善，但体验未突破，老用户出现留存与体验回退预警。** ⏎ XOS620 在**安全性**上交出了扎实的答卷，事故率大幅下降近四成。然而，这种安全提升很大程度上源于“保守化调教”，导致**核心体验指标（如接管率）原地踏步**，并引发了异常减速、不跟导航等新问题。 ⏎ 整体增长结构表现为“新车型拉动强、老用户留存弱”的非均衡状态，客诉总量并未减少，用户整体对版本跃迁的感知不明显。 ⏎ **各小节详解** ⏎ **1. 安全指标：核心收益兑现** ⏎ - **关键数据：** 事故率为 **0.043 起/万km**，较 610 版本显著**下降 39.5%**。 ⏎ - **洞察：** 风险事件控制能力明显增强，安全改善是本次版本最扎实的成果，但对比 600-ultra 和 Max 同期版本，安全能力仍有收敛空间。 ⏎ **2. 体验上限：未形成“版本跃迁感”** ⏎ - **接管率持平：** 百公里接管率为 13.36，与 610 基本持平，Q2 接管率目标未达成。 ⏎ - **保守调教副作用：** “安全≈保守”的风格导致**油门共驾率上升 15.7%**，反映出用户对车辆不达限速的行驶表现失去耐心。 ⏎ **3. 用户渗透与留存：老用户体验回退** ⏎ - **存量用户用得更少：** 同一批经历过 610 和 620 的老用户，城区里程渗透率普遍下降，园区渗透率更是断崖式下跌（首批 VLA2.0 车型下跌 20% 至 38%）。 ⏎ - **红利期减弱：** 620 新升级 VLA2.0 的车型，其里程渗透率增幅（36.85%）远未达到 610 同期（58%）的「首升级红利」水平。 ⏎ **4. 增长结构：新车型拉动，沉默用户被促活** ⏎ - **全口径峰值：** 城区里程渗透率达 **30.10%** 创历史新高（较 600 同期 +55.5%）。 ⏎ - **结构不均：** 增量几乎全部由 620 新增的 VLA2.0 车型贡献，底部沉默用户被显著促活；但除 E29 车型外，存量老车型普遍表现为激活后留存不足。 ⏎ **5. 客诉分析：总量未变，结构迁移** ⏎ - **客诉总量：** 客诉率为 0.8365 起/万km，较 610 仅微幅下降 0.5%，整体持平。 ⏎ - **问题结构变化：** 头部问题发生了位移，其中**异常减速（+50.2%）**、不跟导航（+28.4%）**和**异常退出/降级（+22.9%）显著上升。 ⏎ *注：异常退出多受 XP5B IRQ 线程 CPU 冲高影响，在 G01 ultra SE 车型上较为集中。* ⏎ **6. 园区悖论 (度量盲区)** ⏎ - **数据反差：** 园区性能指标全面改善（百趟接管 −40.4%、百趟降级 −75.3%），但**用户渗透率（−33.7%）和行程渗透率（−40.4%）断崖式回落**。 ⏎ - **反思：** 现有的性能指标未能捕捉到用户真正关心的核心痛点，研发侧存在「度量盲区」。
2026-06-25 03:58	邓爽	text	@高炳涛嗯，原生报告是这个 https://xiaopeng.feishu.cn/wiki/WeiDwsCDEiad0ekvDULcSSqLnAb
2026-06-25 03:58	邓爽	text	cc @_all
2026-06-25 06:08	高炳涛	text	异常减速、不跟导航 @邓爽  这两个问题我们有测出来吗？
2026-06-25 07:27	邓爽	text	@高炳涛 我确认一下，一会儿把我们620 vs 610的整体报告发出来。
2026-06-25 08:07	邓爽	post	<at user_id="all"></at>  ⏎ 1. 26 Q2 季度复盘 [https://xiaopeng.feishu.cn/wiki/Xic1wOtsTiVCE5kKXR9cwIsrnfd](https://xiaopeng.feishu.cn/wiki/Xic1wOtsTiVCE5kKXR9cwIsrnfd) ETA 7.10之前 ⏎ 2. 26 Q3 OKR 初版制定  [https://xiaopeng.feishu.cn/wiki/C9iYwU5JoirP93kUmz2cnklDnrc](https://xiaopeng.feishu.cn/wiki/C9iYwU5JoirP93kUmz2cnklDnrc) ETA 7.31之前 ⏎ ![Image](img_v3_02130_08027214-d19b-4727-9055-69185206c86g) ⏎ cc @高炳涛
2026-06-25 09:10	吴益民	image	[Image: img_v3_02130_12ce8443-481c-4823-bea6-56b10d23ad3g]
2026-06-25 09:12	高炳涛	text	https://xiaopeng.feishu.cn/wiki/PQ0GwKCfQi9k1RkOtNLcHYAGnUh
2026-06-25 10:19	邓爽	post	@高炳涛 我们和TC，都是测出来的，走错路和异常减速 ⏎ ![Image](img_v3_02130_dfa222bc-2750-4793-8b4e-74d3187c387g) ⏎  ⏎ 这是少峰给我的反馈，tingting说，620新车型满意度高于610的新车型 ⏎ ![Image](img_v3_02130_a30974b4-d41b-40df-81b2-6e6f8f62d98g)
2026-06-26 07:09	邓爽	post	@高炳涛 早会提到的ai agent top diff review的事项，梳理了一下流程： ⏎ 目前有2点： ⏎ 1. 功能发布后，没有及时给到各个业务线的同学使用，流程脱节了，今天跟对应的同学都做了沟通，避免这种情况 ⏎ 2. 对于metric的优先级安排，没有新老metric错位的问题，实际都是pat的metric ⏎ 线下和鵾总沟通，下周需要把流程交互上做一些改造： ⏎ [https://xiaopeng.feishu.cn/wiki/Qy7aw1j9CiQxSBkG0xich5OvnWc](https://xiaopeng.feishu.cn/wiki/Qy7aw1j9CiQxSBkG0xich5OvnWc) ⏎ cc @徐林鵾
2026-06-27 16:08	高炳涛	merge_forward	<forwarded_messages> ⏎ [2026-06-27T15:02:57Z] 童伟: ⏎     <file key="file_v3_00133_dc809a19-98ac-4896-af25-5224be75e4cg" name="2027年度工程硕博士专项招生指标需求.xlsx"/> ⏎ [2026-06-27T15:03:32Z] 童伟: ⏎     国家鼓励重点大学与重点企业联合招生培养卓越工程师。现面向上海交大、浙大、中科大，邀请小鹏汽车参与提报课题，与上述学校进行匹配招生。具体如下： ⏎     ① 招生为27级，也就是在26年下半年开始保研的时候，学校和企业基于课题，定向招生。 ⏎     ② 招生为硕士和博士。硕士要求在企业实习1年+，博士2年+。 ⏎     ③ 学生27年9月开学，预估最早28年夏天开始实习 ⏎ [2026-06-27T15:08:21Z] 童伟: ⏎     <p>明天交课题，政府要的比较急</p> ⏎ [2026-06-27T15:08:45Z] 童伟: ⏎     汇总了，先明一起看下最终能提交几个 ⏎ </forwarded_messages>
2026-06-27 16:09	高炳涛	text	@_all 
2026-06-27 16:20	邓爽	text	@高炳涛 我们也可以提报硕士和博士名额？
2026-06-27 16:22	高炳涛	text	联合培养
2026-06-28 03:41	高炳涛	text	@_all 今天就要
2026-06-28 03:41	高炳涛	text	赶紧填一下
2026-06-28 05:12	李坤	file	<file key="file_v3_00133_d6371f4a-0b62-4907-925d-88e4ce3519ag" name="2027年度工程硕博士专项招生指标需求-3dgs.xlsx"/>
2026-06-28 05:59	邓爽	file	<file key="file_v3_00133_e5c55228-c7de-4cad-a8e0-ca935e86f11g" name="2027年度工程硕博士专项招生指标需求-3dgs+仿真业务.xlsx"/>
2026-06-28 06:01	邓爽	text	我在表格上叠加写的
2026-06-28 08:37	徐林鵾	file	<file key="file_v3_00133_1c2c40be-5934-4617-937f-466bd59f225g" name="2027年度工程硕博士专项招生指标需求-3dgs+仿真业务+平台.xlsx"/>
2026-06-28 09:51	杨雪智	file	<file key="file_v3_00133_fbff8db7-0e83-40bf-8096-15bcf0cc2a3g" name="2027年度工程硕博士专项招生指标需求-3dgs+仿真业务+平台+云端推理.xlsx"/>
2026-06-28 09:52	杨雪智	text	基于鵾总的稍微修改了下我那块的[双手合十] cc. @徐林鵾
2026-06-28 10:27	夏志勋	file	<file key="file_v3_00133_fd547859-d28a-4c6e-9972-613da14202cg" name="2027年度工程硕博士专项招生指标需求-3dgs+仿真业务+平台+云端推理 + 评测置信.xlsx"/>
2026-06-29 06:06	邓爽	post	@高炳涛 跟xianming确认一下，双周会继续开一段时间 ⏎ ![Image](img_v3_02134_eb23a9f6-144d-4ab0-9a23-41b5d834855g) ⏎ cc <at user_id="all"></at>
2026-06-29 07:28	邓爽	text	@高炳涛 助理说，周五的时间xianming要坐飞机，所以汇报改成周四（5点30-6点30） ⏎ cc @_all
2026-06-30 02:16	高炳涛	text	@邓爽 今天也把 Q3 OKR PDCA 以及 Q3的 OKR 先做了。
2026-06-30 02:24	邓爽	post	<at user_id="all"></at> 大家需要补充一下，以下材料： ⏎ 1. 第一优先级，周四汇报材料 [https://xiaopeng.feishu.cn/wiki/QO94w51w1iiRdBk2wsccFArIn7e](https://xiaopeng.feishu.cn/wiki/QO94w51w1iiRdBk2wsccFArIn7e)，ETA 6.30 ⏎ 2. 第二优先级，执行会 [https://xiaopeng.feishu.cn/docx/VQcodfKnNopaNyxE7dzcyW2ynqe](https://xiaopeng.feishu.cn/docx/VQcodfKnNopaNyxE7dzcyW2ynqe) ETA 7.2（@邓爽 ） ⏎ 3. 第三优先级，部门内复盘 [https://xiaopeng.feishu.cn/wiki/Xic1wOtsTiVCE5kKXR9cwIsrnfd](https://xiaopeng.feishu.cn/wiki/Xic1wOtsTiVCE5kKXR9cwIsrnfd)，ETA 7.3 ⏎ 4. 第四优先级，Q3 OKR [https://xiaopeng.feishu.cn/wiki/C9iYwU5JoirP93kUmz2cnklDnrc](https://xiaopeng.feishu.cn/wiki/C9iYwU5JoirP93kUmz2cnklDnrc)，ETA 7.10 ⏎ cc @高炳涛
2026-06-30 02:24	邓爽	image	[Image: img_v3_02135_668fd600-56d2-44c6-bcd2-53a8de39424g]
2026-06-30 05:40	高炳涛	text	4. 630/后续版本变化太快，仿真接入节奏被动 ⏎ 630 涉及 Infinni、MOE 合训、RL、MP4 压缩、模型结构和部署侧变更。仿真需要验证这些变化，但如果算法侧变更说明、binary、config、模型版本、训练/部署差异没有提前进入仿真流程，仿真就只能追着问题跑。 ⏎ 可以提的问题是： ⏎ “仿真想前置拦截，但目前模型变更、部署变更、训练配置变更经常不是以仿真可消费的方式同步。能不能把仿真准入变成版本流程的一部分，而不是事后补测？” ⏎ 适合讨论的动作：建立模型变更到仿真的 pre-gating 协议，包括输入、配置、binary、版本说明、预期风险点
2026-06-30 05:41	高炳涛	text	 1.  有限仿真资源对应几何增长的需求之间的矛盾：仿真需要应对，不同平台【3xp5，2xp5，1xp5，2orin】，不同车型【10 ～30款车型】，不同业务【城市，园区，泊车，高速】，不同项目【海外，RT，质量，合规，TC】以及不同模型【浮点，定点，RC，DT】，不通过对象【MLE，DRE，测试，产品，质量】， 需要有所节制，有所优先。 2. 长路线数据采集端损失 20%-30% ，需要TC、数据闭环、仿真平台 协助 一起解决。
2026-06-30 05:41	高炳涛	text	1. 仿真拦截结果和实车反馈没有稳定闭环 ⏎ 现在仿真能跑出 KPI、metric diff、场景复现结果，但问题在于：仿真结论有没有被 TC、测试、MLE、DRE 及时确认？实车结果回来后，是否会反向修正仿真的 metric、case、阈值和报告？ ⏎ 可以提的问题是： ⏎ “我们现在缺一个跨团队的仿真-实车反馈闭环机制。仿真发现问题后，谁确认、谁采纳、谁回填、谁判断是 metric 问题还是模型问题？如果没有 owner，仿真会停留在报告生产，而不是发布拦截。” ⏎ 适合讨论的动作：指定一个 virtual team，覆盖仿真、测试、算法、DRE/MLE，每周闭环 top 漏出/误报 case。
2026-06-30 05:41	高炳涛	text	高老师，明天的AI Staff meeting，有没有什么要提出来讨论的？咱们这边要不要把仿真遇到的一些跨部门难题（virtual team）拿出来讨论一下？
2026-06-30 05:42	高炳涛	text	@邓爽
2026-06-30 05:42	高炳涛	text	我找出来的几个议题
2026-06-30 05:42	高炳涛	text	你看看
2026-06-30 05:53	邓爽	post	1. 【信息前置】给到仿真的信息，前置一些，这样仿真可以提前做一些准备，目前仿真的评测会被动一些，部分模型属于盲测 ⏎   - 链路搭建 ⏎   - 测试集合准备 ⏎   - metric准备 ⏎   - 平台功能准备和可视化展示等 ⏎ 2. 【效率与吞吐量】业务增加，响应的速度会受到影响 ⏎   - 平台（多xp5/双xp5/单xp5/双orin/RT/海外） ⏎   - odd业务（城区/园区/地库/漫游以及新增功能） ⏎   - 车型 ⏎   - 模型的不同阶段（ASFT/CT/RL/QAT） ⏎   - 模型的结构迭代 ⏎   - 不同团队之间的业务合作（TC/质量/产品等） ⏎ 3. 【结果与问题闭环】仿真先行的结论，与实车对齐情况，目前还没有完整闭环，仿真需要持续的校准 ⏎   - 现在仿真能跑出 KPI、metric diff、场景复现结果，但问题在于：仿真结论有没有被 TC、测试、MLE、DRE 及时确认？实车结果回来后，是否会反向修正仿真的 metric、case、阈值和报告？ ⏎   - 可以提的问题是：“我们现在缺一个跨团队的仿真-实车反馈闭环机制。仿真发现问题后，谁确认、谁采纳、谁回填、谁判断是 metric 问题还是模型问题？如果没有 owner，仿真会停留在报告生产，而不是发布拦截。”适合讨论的动作：指定一个 virtual team，覆盖仿真、测试、算法、DRE/MLE，每周闭环 top 漏出/误报 case。
2026-06-30 06:00	高炳涛	text	1. 信息前置：模型和业务变化需要更早同步给仿真 ⏎ 现在仿真评测整体还是偏被动，部分模型或业务需求进来时，仿真侧缺少足够的前置信息，很多验证接近“盲测”。比如模型端这版主要改了什么、预期提升点是什么、可能的风险点在哪里、希望重点看哪些场景或指标，这些信息如果没有提前给到，仿真只能按通用集合和通用 metric 去跑。 ⏎ 但仿真本身需要提前准备很多东西，包括链路搭建、测试集合准备、metric 准备、平台功能准备、可视化展示和报告口径。如果信息给得太晚，仿真很难做到真正前置，只能事后补测或被动响应。 ⏎ 可以讨论的是：是否建立一个轻量的“仿真输入信息模板”，要求模型或业务需求进入仿真前，提前给出变更点、预期收益、风险点、重点 ODD/车型/场景/metric，以及训练侧和部署侧差异。这样仿真可以做有针对性的验证，而不是无目的盲测。 ⏎ 2. 效率与吞吐量：业务组合增长很快，需要跨团队明确优先级 ⏎ 现在仿真面对的业务规模在快速增长，响应速度会受到明显影响。需要覆盖的平台越来越多，比如多 XP5、双 XP5、单 XP5、双 Orin、RT、海外；ODD 和业务也越来越多，包括城区、园区、地库、漫游以及新增功能；车型数量也在增加；模型又有不同阶段，比如 ASFT、CT、RL、QAT，还有结构迭代。 ⏎ 同时，仿真服务对象也不只是模型团队，还包括 TC、质量、产品等不同团队。需求组合是几何增长的，但仿真资源、链路能力和人力不可能线性扩张。 ⏎ 可以讨论的是：是否需要跨部门定义仿真需求优先级和准入规则。哪些必须全量跑，哪些只跑关键场景，哪些可以抽样，哪些需要延后，哪些需要业务方提供更明确的输入。否则仿真会被大量组合需求淹没，反而影响最关键版本和风险的响应速度。 ⏎ 3. 结果与问题闭环：仿真结论需要和实车反馈形成稳定闭环 ⏎ 现在仿真能跑出 KPI、metric diff、场景复现结果，但仿真先行的结论和实车反馈之间还没有完整闭环。仿真发现的问题，是否被 TC、测试、MLE、DRE 及时确认？实车反馈回来后，是否会反向修正仿真的 metric、case、阈值和报告？这些机制还不够稳定。 ⏎ 这里的核心问题是：仿真发现问题后，谁确认、谁采纳、谁回填？谁判断这是 metric 问题、模型问题、case 问题，还是测试口径问题？如果没有明确 owner，仿真容易停留在报告生产，而不是发布拦截。 ⏎ 可以讨论的是：建立跨团队的仿真-实车反馈闭环机制，指定一个 virtual team，覆盖仿真、测试、算法、DRE/MLE、TC、质量等角色。每周闭环 top 漏出和误报 case，把实车反馈反向沉淀到 case、metric、阈值和报告口径里。
2026-06-30 06:00	高炳涛	text	我正式提了三个议题，只包含题目。
2026-07-01 02:21	高炳涛	post	[https://app-swinfra-adc.xiaopeng.link/gatekeeper/prod/ui/#/perm/record/70868443-c422-482e-babc-ad094146c50e](https://app-swinfra-adc.xiaopeng.link/gatekeeper/prod/ui/#/perm/record/70868443-c422-482e-babc-ad094146c50e) ⏎ 高老师，一个AI实习生要了整个ADC几乎所有的代码权限，包括了核心代码库如einstein、xpilot_vision，废弃的fngp库，云端用不到的MCU库。 ⏎ 请让leader根据业务需要按最小必要原则给出需要申请的repo清单，并让leader审核时管控好吧。 ⏎ ![Image](img_v3_02136_eccef38c-2b5e-4cfd-a700-a7702323a19g)
2026-07-01 02:21	高炳涛	text	@_all 大家检查一下给实习生的代码权限
2026-07-01 02:21	高炳涛	text	需要严格管控
2026-07-01 02:22	高炳涛	text	实习生很容易把所有代码 copy 出去
2026-07-01 02:24	高炳涛	text	我今天让@黄佰民  统一查一下我们已有实习生的代码权限，列个表出来。
2026-07-01 09:05	高炳涛	merge_forward	<forwarded_messages> ⏎ [2026-07-01T07:24:56Z] Xianming Liu: ⏎     https://webviz.io/ ⏎ [2026-07-01T07:26:45Z] Xianming Liu: ⏎     CLI run cloudsim --> upload oss --> oss address --> webviz ⏎ [2026-07-01T07:27:07Z] Xianming Liu: ⏎     webviz debug mode ⏎ </forwarded_messages>
2026-07-01 09:05	高炳涛	text	@徐林鵾
2026-07-01 09:05	高炳涛	text	这个是先明的期望
2026-07-02 04:57	邓爽	image	[Image: img_v3_02137_53f9f878-1cae-4db8-805c-bd47834d5a3g]
2026-07-02 08:11	邓爽	text	@高炳涛 xianming助理说，汇报改成下周二 ⏎ cc @_all
2026-07-02 09:37	高炳涛	text	好的
2026-07-03 02:17	高炳涛	image	[Image: img_v3_02138_855eb335-647a-4817-8927-d90342430aag]
2026-07-03 02:17	高炳涛	text	@李坤
2026-07-03 02:17	高炳涛	text	看下 算法咋这么低呢？
2026-07-03 05:38	李坤	text	我看下 这个咋还有负数
2026-07-03 06:36	李坤	text	我问了体验办的人，如果部门10个人，调研问卷的第一道eNPS题目，4个人选推荐，1个人选中立，5个人选贬损，eNPS得分=（4-5）/10*100=-10；但具体细节看不到~
2026-07-03 06:37	高炳涛	text	是不是推荐公司和产品啊
2026-07-03 06:41	李坤	text	这个： ⏎ 您有多大可能性推荐朋友或同行来小鹏汽车工作？
2026-07-06 02:06	高炳涛	text	韩阿东 是哪个组的？
2026-07-06 02:07	高炳涛	text	高炳涛你好， ⏎ 周强尚未制定试用期OKR，请尽快与员工沟通试用期OKR，并于2026-07-25前在系统上确认。 ⏎ 提醒：O和KR均须说明完成时间，须加上【试用期X月X日前完成】的字眼，完成时间不得超过试用期。
2026-07-06 02:07	高炳涛	text	这两个都没有 试用期 OKR
2026-07-06 02:07	高炳涛	text	@_all
2026-07-06 02:09	夏志勋	text	@高炳涛 周强的 OKR 我今天负责处理好  cc @张驰
2026-07-06 02:10	李坤	text	<p>@高炳涛 我这里的，上周三来的</p>
2026-07-06 02:10	张驰	text	<p>@高炳涛 高老师，周强是硬件组的，这段时间借调给@夏志勋 了。</p>
2026-07-06 02:12	高炳涛	text	好
2026-07-06 02:12	高炳涛	text	你们把 OKR 搞好
2026-07-06 02:12	高炳涛	text	应届生要接待好
2026-07-07 06:36	高炳涛	text	@_all 今天有双周汇报
2026-07-08 05:52	高炳涛	text	https://xiaopeng.feishu.cn/docx/VQcodfKnNopaNyxE7dzcyW2ynqe
2026-07-08 09:01	高炳涛	text	https://xiaopeng.feishu.cn/wiki/LwGYwEtsRi6B6NkOaX9cwZijnWb
2026-07-08 09:02	高炳涛	text	你们看下
2026-07-08 09:02	高炳涛	text	我觉得 eNPS 是很扯淡的数据，可以忽略。
2026-07-08 09:02	高炳涛	text	我们看其他的维度
2026-07-08 09:02	高炳涛	image	[Image: img_v3_0213d_6a1cc4c8-acaf-4416-88ba-0f1bd9baed9g]
2026-07-08 09:09	高炳涛	text	你们某些组可能提前关照了，数据不一定完全真实。
2026-07-08 09:09	高炳涛	text	但大体上数据也不算差
2026-07-08 09:09	高炳涛	text	就是 eNPS 数据太难看了，不过我不 care
2026-07-08 09:09	高炳涛	text	但奇怪的是，公司会 care
2026-07-08 09:10	高炳涛	text	不明白这个逻辑。
2026-07-08 09:10	高炳涛	text	eNPS 感觉是整体对公司的评价。
2026-07-08 09:10	高炳涛	text	我们关怀和成长 不太好
2026-07-08 09:11	高炳涛	text	激励 和 回报倒是 有点意外
2026-07-08 09:33	高炳涛	file	<file key="file_v3_0013d_79778e97-d9c7-4fd4-819e-22f4280323fg" name="员工调研具体的一些问题.xlsx"/>
2026-07-08 09:33	高炳涛	text	导出来的数据
2026-07-09 03:51	高炳涛	text	robotic
2026-07-09 03:51	高炳涛	text	这是个什么权限?